filename,width,height,class,xmin,ymin,xmax,ymax
bed (1).jpg,500,333,bed,69,64,466,332
bed (10).jpg,499,351,bed,5,20,499,332
bed (100).jpg,405,246,bed,31,65,388,245
bed (101).jpg,342,250,bed,1,22,318,233
bed (102).jpg,500,333,bed,31,66,458,328
bed (103).jpg,500,423,bed,8,62,470,397
bed (104).jpg,432,248,bed,13,23,406,229
bed (105).jpg,465,349,bed,4,39,407,325
bed (106).jpg,387,299,bed,20,39,380,292
bed (107).jpg,499,362,bed,15,28,469,345
bed (108).jpg,499,293,bed,8,28,485,275
bed (109).jpg,500,333,bed,28,89,475,313
bed (11).jpg,499,340,bed,17,31,458,338
bed (110).jpg,495,326,bed,2,29,405,303
bed (111).jpg,454,272,bed,36,14,399,256
bed (112).jpg,500,375,bed,4,58,471,375
bed (113).jpg,500,313,bed,38,42,452,269
bed (114).jpg,330,214,bed,9,15,306,205
bed (115).jpg,360,249,bed,24,24,332,244
bed (116).jpg,297,179,bed,16,17,260,160
bed (117).jpg,500,380,bed,50,54,439,325
bed (118).jpg,499,347,bed,7,23,489,332
bed (119).jpg,500,500,bed,51,147,450,477
bed (12).jpg,353,234,bed,8,33,332,224
bed (120).jpg,343,277,bed,20,22,330,263
bed (121).jpg,365,258,bed,26,17,337,242
bed (122).jpg,500,333,bed,31,44,462,312
bed (123).jpg,429,282,bed,14,29,348,247
bed (124).jpg,500,375,bed,15,30,483,364
bed (125).jpg,479,352,bed,57,30,479,334
bed (126).jpg,500,375,bed,1,16,482,368
bed (127).jpg,499,387,bed,27,31,475,340
bed (128).jpg,400,267,bed,21,54,360,251
bed (129).jpg,500,262,bed,49,45,455,224
bed (13).jpg,361,203,bed,24,14,315,178
bed (130).jpg,252,184,bed,23,22,225,159
bed (131).jpg,402,279,bed,28,26,325,248
bed (132).jpg,426,252,bed,36,28,380,239
bed (133).jpg,404,278,bed,20,16,377,267
bed (134).jpg,394,210,bed,25,21,362,199
bed (135).jpg,449,292,bed,17,24,416,283
bed (136).jpg,499,442,bed,19,28,488,425
bed (137).jpg,500,471,bed,24,84,474,355
bed (138).jpg,317,182,bed,71,20,283,117
bed (139).jpg,497,392,bed,35,33,474,374
bed (14).jpg,350,360,bed,44,182,316,341
bed (140).jpg,309,164,bed,32,21,258,110
bed (141).jpg,454,264,bed,27,15,414,249
bed (142).jpg,499,368,bed,22,17,482,352
bed (143).jpg,255,123,bed,17,16,224,108
bed (144).jpg,399,266,bed,29,27,371,254
bed (145).jpg,451,283,bed,23,27,429,276
bed (146).jpg,467,317,bed,25,40,427,297
bed (147).jpg,500,382,bed,3,14,488,377
bed (148).jpg,499,233,bed,17,14,468,213
bed (149).jpg,499,241,bed,10,15,493,221
bed (15).jpg,310,206,bed,9,25,288,200
bed (150).jpg,468,289,bed,15,21,437,261
bed (151).jpg,441,291,bed,40,19,401,269
bed (152).jpg,383,302,bed,28,52,347,291
bed (153).jpg,344,217,bed,26,30,316,196
bed (154).jpg,415,309,bed,44,39,377,294
bed (155).jpg,499,299,bed,42,22,485,289
bed (156).jpg,245,162,bed,4,19,213,150
bed (157).jpg,499,321,bed,3,19,441,315
bed (158).jpg,467,249,bed,31,35,438,249
bed (159).jpg,381,316,bed,30,26,332,264
bed (16).jpg,500,375,bed,54,61,445,356
bed (160).jpg,500,333,bed,53,50,465,296
bed (161).jpg,406,264,bed,27,31,352,229
bed (162).jpg,417,249,bed,15,9,380,164
bed (163).jpg,375,226,bed,22,25,343,210
bed (164).jpg,374,404,bed,27,26,350,383
bed (165).jpg,500,357,bed,17,13,480,338
bed (166).jpg,465,383,bed,7,8,456,373
bed (167).jpg,497,332,bed,1,8,496,301
bed (168).jpg,375,177,bed,19,14,361,164
bed (169).jpg,380,435,bed,10,31,363,425
bed (17).jpg,500,333,bed,47,34,473,329
bed (170).jpg,227,178,bed,12,8,218,173
bed (171).jpg,499,331,bed,18,9,446,315
bed (172).jpg,500,333,bed,24,47,455,301
bed (173).jpg,325,241,bed,20,13,291,229
bed (174).jpg,326,324,bed,21,23,313,206
bed (175).jpg,499,336,bed,37,42,465,305
bed (176).jpg,499,345,bed,32,27,475,309
bed (177).jpg,499,404,bed,11,23,468,365
bed (178).jpg,434,312,bed,18,15,410,285
bed (179).jpg,499,346,bed,8,15,482,329
bed (18).jpg,197,144,bed,35,18,174,132
bed (180).jpg,380,337,bed,27,54,374,337
bed (181).jpg,364,248,bed,32,20,342,241
bed (182).jpg,499,382,bed,1,27,495,359
bed (183).jpg,332,244,bed,14,58,298,244
bed (184).jpg,499,363,bed,19,31,482,356
bed (185).jpg,201,148,bed,20,12,188,141
bed (186).jpg,218,195,bed,17,12,200,189
bed (187).jpg,428,228,bed,15,29,399,225
bed (188).jpg,287,237,bed,2,18,285,220
bed (189).jpg,499,344,bed,49,31,461,324
bed (19).jpg,499,329,bed,27,37,457,308
bed (190).jpg,455,282,bed,15,39,432,269
bed (191).jpg,359,265,bed,59,23,303,234
bed (192).jpg,500,333,bed,43,5,452,333
bed (193).jpg,500,362,bed,17,12,495,350
bed (194).jpg,306,219,bed,21,13,268,205
bed (195).jpg,500,375,bed,7,75,492,334
bed (196).jpg,479,333,bed,15,35,443,307
bed (197).jpg,500,375,bed,46,59,455,361
bed (198).jpg,443,333,bed,11,11,418,328
bed (199).jpg,375,500,bed,21,163,363,476
bed (2).jpg,500,375,bed,16,21,490,375
bed (20).jpg,398,360,bed,40,28,355,345
bed (200).jpg,500,375,bed,5,47,493,375
bed (201).jpg,500,385,bed,3,10,500,302
bed (202).jpg,303,217,bed,15,17,272,200
bed (203).jpg,499,214,bed,10,22,479,203
bed (204).jpg,357,237,bed,31,15,329,223
bed (205).jpg,421,271,bed,13,28,392,264
bed (206).jpg,357,215,bed,16,19,329,123
bed (207).jpg,395,262,bed,23,21,364,256
bed (208).jpg,465,275,bed,24,17,459,263
bed (209).jpg,499,285,bed,21,25,458,268
bed (21).jpg,461,292,bed,11,10,435,271
bed (210).jpg,356,200,bed,23,18,333,187
bed (211).jpg,500,375,bed,3,44,473,370
bed (212).jpg,499,314,bed,34,23,475,285
bed (213).jpg,499,282,bed,27,20,455,265
bed (214).jpg,308,225,bed,19,21,275,214
bed (215).jpg,403,240,bed,25,72,371,228
bed (216).jpg,402,283,bed,23,41,378,269
bed (217).jpg,499,304,bed,37,11,468,295
bed (218).jpg,422,347,bed,52,33,410,311
bed (219).jpg,500,375,bed,28,68,489,367
bed (22).jpg,422,278,bed,9,20,366,265
bed (220).jpg,342,184,bed,23,18,315,165
bed (221).jpg,499,289,bed,42,24,409,258
bed (222).jpg,336,184,bed,23,11,312,146
bed (223).jpg,272,192,bed,1,29,259,184
bed (224).jpg,250,168,bed,27,18,236,87
bed (225).jpg,500,500,bed,9,144,500,471
bed (226).jpg,481,308,bed,21,24,422,308
bed (227).jpg,392,247,bed,9,19,338,224
bed (228).jpg,250,157,bed,21,7,232,146
bed (229).jpg,294,294,bed,8,21,203,276
bed (23).jpg,377,211,bed,9,34,345,201
bed (230).jpg,369,216,bed,30,27,320,192
bed (231).jpg,499,401,bed,25,40,478,374
bed (232).jpg,374,282,bed,32,18,345,252
bed (233).jpg,499,308,bed,30,16,447,300
bed (234).jpg,299,214,bed,3,28,262,187
bed (235).jpg,479,420,bed,36,117,418,384
bed (236).jpg,499,352,bed,42,23,472,333
bed (237).jpg,298,212,bed,16,30,279,186
bed (238).jpg,481,417,bed,56,17,471,403
bed (239).jpg,301,211,bed,39,28,262,184
bed (24).jpg,434,268,bed,29,29,390,257
bed (240).jpg,332,294,bed,7,13,325,278
bed (241).jpg,289,189,bed,17,22,271,182
bed (242).jpg,259,134,bed,20,24,236,115
bed (243).jpg,500,337,bed,19,9,493,328
bed (244).jpg,400,500,bed,16,148,381,479
bed (245).jpg,355,263,bed,40,30,319,223
bed (246).jpg,499,305,bed,40,26,447,288
bed (247).jpg,499,224,bed,19,14,466,198
bed (248).jpg,421,317,bed,51,13,421,297
bed (249).jpg,391,226,bed,29,30,357,226
bed (25).jpg,386,220,bed,37,87,350,200
bed (250).jpg,466,324,bed,48,34,449,324
bed (251).jpg,250,151,bed,23,18,214,143
bed (252).jpg,433,329,bed,41,18,400,308
bed (253).jpg,374,283,bed,7,20,370,256
bed (254).jpg,384,295,bed,31,18,356,282
bed (255).jpg,442,266,bed,34,24,414,246
bed (256).jpg,445,290,bed,22,24,393,276
bed (257).jpg,500,334,bed,12,9,477,321
bed (258).jpg,499,360,bed,5,31,411,321
bed (259).jpg,453,304,bed,37,24,415,294
bed (26).jpg,500,359,bed,30,44,478,337
bed (261).jpg,360,240,bed,36,29,313,217
bed (262).jpg,499,354,bed,33,39,491,324
bed (263).jpg,432,324,bed,37,15,359,312
bed (264).jpg,333,281,bed,22,13,325,259
bed (265).jpg,355,216,bed,2,17,285,209
bed (266).jpg,433,202,bed,27,31,407,196
bed (267).jpg,462,272,bed,29,21,425,249
bed (268).jpg,499,325,bed,5,34,490,308
bed (269).jpg,500,373,bed,1,94,479,361
bed (27).jpg,499,308,bed,6,9,488,297
bed (270).jpg,500,326,bed,5,5,495,316
bed (271).jpg,441,359,bed,38,54,415,339
bed (272).jpg,345,269,bed,11,26,317,260
bed (273).jpg,500,295,bed,9,6,495,291
bed (274).jpg,488,309,bed,24,26,481,308
bed (275).jpg,297,227,bed,12,21,253,211
bed (276).jpg,500,500,bed,72,148,434,476
bed (277).jpg,332,250,bed,13,11,319,248
bed (278).jpg,387,289,bed,33,71,366,237
bed (279).jpg,500,332,bed,1,9,498,323
bed (28).jpg,500,332,bed,11,40,494,295
bed (280).jpg,408,239,bed,18,12,367,226
bed (281).jpg,444,327,bed,50,47,377,311
bed (282).jpg,499,237,bed,38,21,462,213
bed (283).jpg,464,300,bed,18,10,437,284
bed (284).jpg,500,333,bed,10,51,473,310
bed (285).jpg,499,290,bed,26,27,482,256
bed (286).jpg,451,285,bed,54,29,397,269
bed (287).jpg,499,331,bed,42,22,457,314
bed (288).jpg,499,353,bed,48,23,433,348
bed (289).jpg,330,293,bed,37,89,321,278
bed (29).jpg,499,281,bed,26,22,468,251
bed (290).jpg,449,245,bed,13,18,432,227
bed (291).jpg,447,249,bed,16,25,413,226
bed (292).jpg,500,375,bed,37,28,484,358
bed (293).jpg,499,314,bed,27,15,479,293
bed (294).jpg,499,318,bed,21,31,475,300
bed (295).jpg,341,297,bed,30,20,312,259
bed (296).jpg,499,276,bed,19,15,474,270
bed (297).jpg,499,286,bed,36,24,463,263
bed (298).jpg,500,333,bed,8,19,453,313
bed (299).jpg,499,264,bed,38,23,453,245
bed (3).jpg,444,357,bed,23,26,433,357
bed (30).jpg,374,333,bed,16,48,326,288
bed (300).jpg,499,306,bed,34,33,463,286
bed (301).jpg,499,287,bed,42,23,452,265
bed (302).jpg,500,334,bed,35,17,475,332
bed (303).jpg,499,301,bed,22,31,462,289
bed (304).jpg,466,326,bed,23,32,392,324
bed (305).jpg,499,279,bed,34,19,461,246
bed (306).jpg,499,311,bed,37,25,457,285
bed (307).jpg,343,224,bed,32,27,311,204
bed (308).jpg,299,158,bed,13,25,268,150
bed (309).jpg,444,255,bed,48,32,410,244
bed (31).jpg,500,375,bed,13,23,456,358
bed (310).jpg,395,225,bed,32,25,367,224
bed (311).jpg,398,306,bed,27,28,349,299
bed (312).jpg,438,281,bed,33,23,404,252
bed (313).jpg,446,309,bed,30,28,382,281
bed (314).jpg,458,334,bed,31,34,437,315
bed (315).jpg,498,325,bed,6,25,413,274
bed (316).jpg,467,317,bed,27,17,441,291
bed (317).jpg,478,319,bed,27,19,453,305
bed (318).jpg,447,300,bed,31,24,423,293
bed (319).jpg,460,303,bed,22,16,437,293
bed (32).jpg,466,270,bed,32,29,436,254
bed (320).jpg,447,294,bed,22,18,423,277
bed (321).jpg,350,229,bed,32,18,319,176
bed (322).jpg,500,334,bed,41,25,435,324
bed (323).jpg,421,465,bed,57,114,386,438
bed (324).jpg,499,317,bed,26,21,473,297
bed (325).jpg,500,359,bed,41,46,430,335
bed (326).jpg,500,359,bed,31,41,474,342
bed (327).jpg,500,359,bed,25,42,461,338
bed (328).jpg,368,300,bed,15,89,280,269
bed (329).jpg,459,268,bed,24,24,434,253
bed (33).jpg,386,369,bed,12,37,384,341
bed (330).jpg,448,282,bed,18,13,415,280
bed (331).jpg,344,237,bed,41,9,313,214
bed (332).jpg,500,393,bed,10,13,489,382
bed (333).jpg,431,319,bed,49,36,421,301
bed (334).jpg,499,331,bed,6,19,444,314
bed (335).jpg,499,272,bed,9,25,495,259
bed (336).jpg,499,300,bed,35,15,457,293
bed (337).jpg,404,288,bed,31,27,404,271
bed (338).jpg,499,276,bed,20,26,471,266
bed (339).jpg,482,234,bed,14,34,449,215
bed (34).jpg,454,500,bed,31,108,411,426
bed (340).jpg,372,253,bed,44,29,337,235
bed (341).jpg,500,375,bed,5,27,481,338
bed (342).jpg,259,197,bed,16,19,233,194
bed (343).jpg,257,168,bed,13,10,242,161
bed (344).jpg,500,340,bed,33,38,475,318
bed (345).jpg,500,375,bed,26,22,459,373
bed (346).jpg,451,374,bed,34,100,427,366
bed (347).jpg,500,375,bed,11,22,450,359
bed (348).jpg,499,239,bed,36,13,455,229
bed (349).jpg,499,273,bed,27,18,464,255
bed (35).jpg,500,375,bed,18,99,489,371
bed (350).jpg,476,328,bed,25,31,431,310
bed (351).jpg,499,323,bed,25,35,461,295
bed (352).jpg,499,343,bed,21,29,486,325
bed (353).jpg,500,375,bed,62,28,483,362
bed (354).jpg,435,275,bed,28,38,406,256
bed (355).jpg,500,375,bed,13,47,456,353
bed (356).jpg,360,261,bed,36,21,316,243
bed (357).jpg,483,328,bed,30,22,444,318
bed (358).jpg,499,235,bed,21,26,477,225
bed (359).jpg,499,233,bed,26,24,458,224
bed (36).jpg,500,359,bed,27,46,461,323
bed (360).jpg,499,258,bed,37,25,467,232
bed (361).jpg,499,376,bed,65,26,453,368
bed (362).jpg,407,381,bed,31,69,389,254
bed (363).jpg,357,248,bed,41,26,356,244
bed (364).jpg,499,322,bed,28,20,479,295
bed (365).jpg,312,390,bed,15,106,303,371
bed (366).jpg,389,271,bed,11,29,357,258
bed (367).jpg,350,237,bed,5,8,341,235
bed (368).jpg,402,332,bed,26,51,400,332
bed (369).jpg,499,368,bed,15,17,489,358
bed (37).jpg,369,275,bed,33,14,348,272
bed (370).jpg,309,239,bed,6,22,285,210
bed (371).jpg,500,285,bed,6,6,489,271
bed (372).jpg,332,259,bed,8,23,263,152
bed (373).jpg,453,299,bed,31,22,431,284
bed (374).jpg,374,291,bed,3,15,328,214
bed (375).jpg,499,255,bed,31,31,453,249
bed (376).jpg,372,262,bed,25,30,336,247
bed (377).jpg,477,297,bed,13,11,405,277
bed (378).jpg,500,372,bed,36,42,458,356
bed (379).jpg,500,347,bed,6,18,490,329
bed (38).jpg,500,399,bed,7,42,480,390
bed (380).jpg,500,452,bed,10,22,488,452
bed (381).jpg,403,298,bed,43,28,377,290
bed (382).jpg,475,330,bed,30,39,448,314
bed (383).jpg,499,308,bed,16,30,414,308
bed (384).jpg,500,349,bed,4,39,484,343
bed (385).jpg,500,359,bed,13,39,478,328
bed (386).jpg,374,266,bed,28,9,331,251
bed (387).jpg,400,253,bed,25,42,371,253
bed (388).jpg,500,355,bed,56,22,485,337
bed (389).jpg,379,213,bed,23,10,335,204
bed (39).jpg,499,328,bed,24,36,401,317
bed (390).jpg,500,375,bed,3,71,449,327
bed (391).jpg,300,200,bed,13,15,287,180
bed (392).jpg,500,337,bed,24,27,460,327
bed (393).jpg,454,268,bed,17,22,427,259
bed (394).jpg,436,297,bed,22,24,409,271
bed (395).jpg,500,333,bed,9,66,484,297
bed (396).jpg,500,338,bed,18,23,474,323
bed (397).jpg,499,281,bed,22,38,475,245
bed (398).jpg,499,233,bed,28,21,474,217
bed (399).jpg,499,237,bed,24,22,483,234
bed (4).jpg,500,375,bed,1,14,448,375
bed (40).jpg,500,375,bed,9,61,492,350
bed (400).jpg,499,289,bed,57,38,471,275
bed (401).jpg,500,375,bed,30,60,442,365
bed (402).jpg,500,375,bed,11,13,500,371
bed (41).jpg,319,253,bed,14,17,295,233
bed (42).jpg,500,417,bed,3,41,483,415
bed (43).jpg,438,314,bed,12,24,402,298
bed (44).jpg,500,333,bed,59,32,453,325
bed (45).jpg,332,227,bed,12,40,300,216
bed (46).jpg,500,420,bed,13,56,462,398
bed (47).jpg,217,183,bed,16,21,187,154
bed (48).jpg,412,236,bed,12,26,376,141
bed (49).jpg,310,211,bed,16,69,284,191
bed (5).jpg,334,500,bed,11,178,333,459
bed (50).jpg,499,384,bed,4,29,379,383
bed (51).jpg,450,310,bed,17,21,433,293
bed (52).jpg,343,322,bed,9,15,304,313
bed (53).jpg,272,260,bed,10,16,272,247
bed (54).jpg,333,500,bed,3,78,333,496
bed (55).jpg,500,378,bed,21,46,469,352
bed (56).jpg,435,247,bed,23,19,418,233
bed (57).jpg,402,238,bed,24,24,366,225
bed (58).jpg,218,191,bed,20,13,196,188
bed (59).jpg,374,358,bed,15,29,369,358
bed (6).jpg,329,271,bed,21,30,307,261
bed (60).jpg,500,375,bed,4,62,492,375
bed (61).jpg,500,375,bed,2,60,497,375
bed (62).jpg,499,295,bed,16,16,470,286
bed (63).jpg,500,359,bed,27,42,465,335
bed (64).jpg,492,354,bed,27,15,479,344
bed (65).jpg,452,307,bed,9,20,417,289
bed (66).jpg,500,359,bed,30,45,470,339
bed (67).jpg,463,311,bed,20,24,439,301
bed (68).jpg,481,326,bed,23,29,464,316
bed (69).jpg,500,375,bed,10,41,484,368
bed (7).jpg,499,437,bed,10,32,492,437
bed (70).jpg,438,219,bed,22,24,392,207
bed (71).jpg,500,375,bed,103,177,494,375
bed (72).jpg,466,275,bed,24,8,420,256
bed (73).jpg,500,333,bed,4,85,386,286
bed (74).jpg,483,255,bed,18,18,450,242
bed (75).jpg,266,179,bed,14,24,242,172
bed (76).jpg,499,386,bed,17,38,488,386
bed (77).jpg,500,359,bed,31,44,478,333
bed (78).jpg,500,359,bed,27,34,468,313
bed (79).jpg,500,330,bed,40,29,471,308
bed (8).jpg,410,255,bed,5,24,397,251
bed (80).jpg,396,227,bed,17,14,354,216
bed (81).jpg,500,333,bed,2,23,397,333
bed (82).jpg,353,205,bed,16,21,330,185
bed (83).jpg,499,294,bed,8,19,496,274
bed (84).jpg,500,359,bed,31,44,464,319
bed (85).jpg,500,366,bed,27,70,492,358
bed (86).jpg,500,389,bed,17,39,477,388
bed (87).jpg,500,453,bed,38,39,465,443
bed (88).jpg,415,249,bed,32,33,367,232
bed (89).jpg,371,277,bed,16,9,335,249
bed (90).jpg,428,207,bed,18,16,411,198
bed (91).jpg,335,203,bed,15,23,315,187
bed (92).jpg,500,337,bed,28,44,487,328
bed (93).jpg,499,236,bed,21,12,489,209
bed (94).jpg,499,299,bed,17,27,471,274
bed (95).jpg,500,375,bed,26,35,471,335
bed (96).jpg,246,191,bed,15,20,193,165
bed (97).jpg,310,278,bed,26,23,263,186
bed (98).jpg,437,284,bed,6,47,359,272
bed (99).jpg,500,375,bed,7,41,442,361
chair (1).jpg,1126,1500,chair,61,72,1054,1452
chair (10).jpg,300,300,chair,56,9,228,294
chair (100).jpg,150,150,chair,26,2,119,145
chair (101).jpg,360,480,chair,12,26,294,480
chair (102).jpg,230,353,chair,14,20,228,344
chair (103).jpg,378,365,chair,42,26,349,333
chair (104).jpg,1067,1600,chair,175,204,894,1358
chair (105).jpg,417,500,chair,80,63,361,476
chair (106).jpg,496,801,chair,34,46,457,764
chair (107).jpg,300,300,chair,9,17,224,283
chair (108).jpg,391,480,chair,69,47,314,437
chair (109).jpg,150,150,chair,29,6,117,144
chair (11).jpg,250,333,chair,67,34,206,293
chair (110).jpg,375,500,chair,95,72,262,419
chair (111).jpg,84,128,chair,5,2,80,125
chair (112).jpg,290,290,chair,45,1,243,285
chair (113).jpg,439,613,chair,18,1,413,613
chair (114).jpg,450,607,chair,46,18,382,579
chair (115).jpg,412,288,chair,110,1,298,288
chair (116).jpg,231,362,chair,34,19,198,346
chair (117).jpg,229,335,chair,45,25,177,314
chair (118).jpg,200,200,chair,34,2,168,195
chair (119).jpg,230,353,chair,3,68,230,340
chair (12).jpg,225,338,chair,32,1,191,334
chair (120).jpg,525,828,chair,61,72,472,753
chair (121).jpg,350,350,chair,68,13,259,339
chair (122).jpg,339,396,chair,58,13,299,383
chair (123).jpg,203,198,chair,63,35,146,172
chair (124).jpg,516,640,chair,52,33,446,624
chair (125).jpg,427,711,chair,26,19,416,601
chair (126).jpg,400,400,chair,83,38,308,386
chair (127).jpg,193,256,chair,13,6,178,242
chair (128).jpg,375,500,chair,52,38,281,431
chair (129).jpg,495,500,chair,103,31,403,467
chair (13).jpg,442,652,chair,14,16,425,628
chair (130).jpg,285,385,chair,12,13,260,373
chair (131).jpg,171,300,chair,9,17,157,284
chair (132).jpg,249,373,chair,3,1,233,364
chair (133).jpg,618,954,chair,55,132,566,916
chair (134).jpg,343,460,chair,30,9,315,444
chair (135).jpg,214,335,chair,20,21,187,322
chair (136).jpg,375,500,chair,54,32,300,483
chair (137).jpg,77,128,chair,1,2,73,126
chair (138).jpg,450,338,chair,108,15,342,311
chair (139).jpg,350,257,chair,110,15,239,253
chair (14).jpg,448,598,chair,62,39,396,582
chair (140).jpg,187,300,chair,14,7,173,280
chair (141).jpg,305,230,chair,66,2,238,230
chair (142).jpg,481,640,chair,41,20,412,635
chair (143).jpg,365,500,chair,25,23,320,466
chair (144).jpg,340,487,chair,6,5,325,480
chair (145).jpg,500,375,chair,172,41,361,334
chair (145).jpg,500,375,chair,92,6,197,172
chair (146).jpg,375,500,chair,93,46,291,478
chair (147).jpg,260,281,chair,30,5,229,270
chair (148).jpg,291,350,chair,26,25,234,327
chair (149).jpg,300,468,chair,24,26,259,445
chair (15).jpg,450,647,chair,51,48,398,615
chair (150).jpg,530,600,chair,78,38,424,600
chair (151).jpg,226,335,chair,27,19,201,330
chair (152).jpg,480,480,chair,59,17,336,462
chair (153).jpg,807,1095,chair,40,83,746,1052
chair (154).jpg,273,421,chair,17,11,239,409
chair (155).jpg,395,500,chair,72,32,352,494
chair (156).jpg,98,130,chair,16,4,77,127
chair (157).jpg,650,650,chair,122,50,504,635
chair (158).jpg,500,334,chair,361,142,432,236
chair (159).jpg,375,500,chair,100,41,290,403
chair (16).jpg,87,128,chair,12,1,74,127
chair (160).jpg,300,398,chair,36,10,254,395
chair (161).jpg,79,127,chair,1,1,75,126
chair (162).jpg,304,432,chair,12,11,285,426
chair (163).jpg,375,500,chair,53,263,187,481
chair (164).jpg,300,363,chair,22,4,281,354
chair (165).jpg,282,500,chair,4,43,224,448
chair (166).jpg,334,500,chair,35,9,293,494
chair (167).jpg,72,128,chair,4,8,70,127
chair (168).jpg,300,469,chair,1,1,279,469
chair (169).jpg,432,350,chair,95,14,294,330
chair (17).jpg,336,500,chair,7,1,292,493
chair (170).jpg,350,280,chair,64,64,207,274
chair (171).jpg,375,500,chair,73,25,320,466
chair (172).jpg,500,375,chair,106,35,322,364
chair (173).jpg,375,500,chair,40,57,267,447
chair (174).jpg,300,499,chair,5,16,300,499
chair (175).jpg,234,400,chair,13,42,226,392
chair (176).jpg,500,375,chair,135,4,393,375
chair (177).jpg,300,300,chair,52,3,243,287
chair (178).jpg,512,612,chair,82,18,396,580
chair (179).jpg,500,346,chair,194,44,339,346
chair (18).jpg,400,602,chair,21,102,354,575
chair (180).jpg,375,500,chair,54,16,302,479
chair (181).jpg,377,500,chair,16,19,326,480
chair (182).jpg,135,108,chair,37,1,99,103
chair (183).jpg,375,500,chair,46,19,334,487
chair (184).jpg,375,500,chair,105,339,187,463
chair (185).jpg,95,128,chair,4,4,95,128
chair (186).jpg,150,200,chair,27,8,131,182
chair (187).jpg,375,500,chair,132,231,217,379
chair (188).jpg,109,116,chair,14,6,92,112
chair (189).jpg,375,500,chair,125,225,243,378
chair (19).jpg,331,500,chair,56,36,266,407
chair (190).jpg,375,500,chair,80,22,295,431
chair (191).jpg,300,523,chair,18,15,271,513
chair (192).jpg,330,330,chair,42,4,273,330
chair (193).jpg,436,550,chair,55,82,338,522
chair (194).jpg,386,475,chair,29,30,346,454
chair (195).jpg,202,259,chair,7,8,186,249
chair (196).jpg,600,594,chair,130,31,467,570
chair (197).jpg,86,128,chair,4,8,80,120
chair (198).jpg,333,500,chair,4,3,319,490
chair (199).jpg,213,500,chair,81,277,169,485
chair (2).jpg,96,126,chair,3,1,92,123
chair (20).jpg,239,360,chair,19,17,222,349
chair (200).jpg,354,450,chair,76,92,272,400
chair (201).jpg,310,576,chair,16,45,298,553
chair (202).jpg,375,500,chair,43,39,290,432
chair (203).jpg,273,358,chair,20,12,240,350
chair (204).jpg,128,96,chair,42,8,117,96
chair (205).jpg,334,500,chair,36,38,292,487
chair (206).jpg,435,398,chair,37,46,402,369
chair (207).jpg,576,436,chair,176,50,416,413
chair (208).jpg,305,305,chair,65,5,245,289
chair (209).jpg,188,251,chair,29,8,167,251
chair (21).jpg,375,500,chair,34,10,325,469
chair (210).jpg,269,330,chair,13,20,237,326
chair (211).jpg,413,600,chair,25,17,383,575
chair (212).jpg,213,275,chair,9,3,202,275
chair (213).jpg,333,500,chair,44,55,284,472
chair (214).jpg,375,500,chair,59,28,340,488
chair (215).jpg,325,325,chair,53,7,262,318
chair (216).jpg,580,829,chair,30,13,524,801
chair (217).jpg,375,500,chair,70,88,306,429
chair (218).jpg,192,353,chair,11,33,187,315
chair (219).jpg,95,128,chair,11,12,89,117
chair (22).jpg,300,316,chair,48,19,249,310
chair (220).jpg,313,500,chair,37,41,288,481
chair (221).jpg,1063,1329,chair,157,78,886,1266
chair (222).jpg,313,419,chair,36,29,277,391
chair (223).jpg,93,128,chair,17,14,80,118
chair (224).jpg,87,128,chair,5,1,81,126
chair (225).jpg,96,128,chair,16,2,84,114
chair (226).jpg,79,128,chair,5,6,74,125
chair (227).jpg,351,510,chair,24,28,312,496
chair (228).jpg,325,325,chair,45,3,276,322
chair (229).jpg,250,250,chair,22,6,152,245
chair (23).jpg,300,409,chair,16,30,243,392
chair (230).jpg,288,390,chair,37,34,251,368
chair (231).jpg,196,250,chair,25,19,162,236
chair (232).jpg,330,330,chair,57,9,281,327
chair (233).jpg,405,571,chair,48,94,328,537
chair (234).jpg,480,640,chair,91,95,333,548
chair (235).jpg,75,128,chair,2,3,68,125
chair (236).jpg,300,448,chair,24,5,279,429
chair (237).jpg,450,582,chair,35,18,397,578
chair (238).jpg,314,314,chair,62,15,262,298
chair (239).jpg,180,240,chair,40,8,131,183
chair (24).jpg,207,400,chair,7,23,184,386
chair (240).jpg,303,500,chair,7,1,289,500
chair (241).jpg,431,700,chair,28,84,403,634
chair (242).jpg,96,128,chair,7,2,87,127
chair (243).jpg,94,128,chair,13,12,76,123
chair (244).jpg,349,500,chair,31,8,342,482
chair (245).jpg,375,500,chair,67,47,285,485
chair (246).jpg,184,350,chair,4,6,179,350
chair (247).jpg,500,500,chair,84,104,383,410
chair (248).jpg,300,300,chair,49,21,250,288
chair (249).jpg,333,500,chair,104,76,236,274
chair (25).jpg,96,128,chair,8,4,72,128
chair (250).jpg,208,300,chair,16,17,191,286
chair (251).jpg,375,500,chair,44,77,259,456
chair (252).jpg,357,449,chair,53,36,273,415
chair (253).jpg,334,500,chair,16,16,299,485
chair (254).jpg,135,108,chair,41,1,98,108
chair (255).jpg,300,666,chair,18,9,282,653
chair (256).jpg,600,860,chair,91,76,496,783
chair (257).jpg,401,500,chair,198,1,381,263
chair (258).jpg,400,618,chair,26,14,357,589
chair (259).jpg,500,375,chair,150,44,351,352
chair (26).jpg,162,240,chair,41,88,121,230
chair (260).jpg,500,375,chair,73,1,395,375
chair (261).jpg,375,500,chair,31,60,260,458
chair (262).jpg,375,500,chair,94,84,338,462
chair (263).jpg,81,128,chair,7,8,73,124
chair (264).jpg,699,886,chair,47,96,653,884
chair (265).jpg,450,681,chair,31,32,435,665
chair (266).jpg,451,632,chair,46,20,427,598
chair (267).jpg,432,350,chair,98,9,303,334
chair (268).jpg,150,193,chair,23,9,134,185
chair (269).jpg,103,137,chair,4,3,100,134
chair (27).jpg,105,128,chair,10,8,88,120
chair (270).jpg,102,128,chair,15,15,91,120
chair (271).jpg,135,108,chair,38,1,98,106
chair (272).jpg,480,640,chair,9,25,447,631
chair (273).jpg,375,500,chair,53,47,292,438
chair (274).jpg,375,500,chair,28,51,312,486
chair (275).jpg,500,375,chair,135,85,310,364
chair (276).jpg,250,230,chair,29,5,194,217
chair (277).jpg,375,500,chair,36,36,287,429
chair (278).jpg,375,500,chair,58,77,329,463
chair (279).jpg,400,300,chair,143,45,263,249
chair (28).jpg,375,500,chair,44,86,304,497
chair (280).jpg,150,150,chair,21,3,125,145
chair (281).jpg,580,580,chair,81,9,486,559
chair (282).jpg,375,500,chair,40,49,295,475
chair (283).jpg,400,578,chair,17,82,354,549
chair (284).jpg,352,500,chair,74,235,209,491
chair (285).jpg,325,576,chair,17,29,302,555
chair (286).jpg,180,240,chair,35,11,147,198
chair (287).jpg,218,356,chair,12,16,216,348
chair (288).jpg,252,336,chair,23,6,209,332
chair (289).jpg,300,300,chair,77,41,222,282
chair (29).jpg,90,128,chair,7,10,82,124
chair (290).jpg,389,389,chair,84,5,304,385
chair (291).jpg,375,500,chair,47,65,229,414
chair (292).jpg,95,143,chair,23,23,92,136
chair (293).jpg,289,385,chair,24,24,255,361
chair (294).jpg,252,336,chair,33,13,237,321
chair (295).jpg,333,500,chair,11,24,292,500
chair (296).jpg,340,510,chair,32,36,320,461
chair (297).jpg,250,250,chair,36,13,197,245
chair (298).jpg,375,500,chair,75,89,277,412
chair (299).jpg,500,337,chair,131,51,312,314
chair (3).jpg,100,141,chair,9,5,93,134
chair (30).jpg,85,128,chair,3,4,82,124
chair (300).jpg,128,96,chair,32,1,113,96
chair (301).jpg,324,500,chair,41,34,292,467
chair (302).jpg,341,500,chair,97,158,324,444
chair (303).jpg,990,1648,chair,25,31,952,1604
chair (304).jpg,86,128,chair,5,5,81,122
chair (305).jpg,480,640,chair,43,23,414,630
chair (306).jpg,246,335,chair,46,24,199,302
chair (307).jpg,289,400,chair,43,24,253,372
chair (308).jpg,175,175,chair,34,11,135,166
chair (309).jpg,250,300,chair,46,23,181,268
chair (31).jpg,375,500,chair,22,2,332,487
chair (310).jpg,350,500,chair,81,35,260,463
chair (311).jpg,235,400,chair,10,6,222,395
chair (312).jpg,334,500,chair,66,30,308,474
chair (313).jpg,128,128,chair,26,5,99,122
chair (314).jpg,247,375,chair,4,5,235,373
chair (315).jpg,252,341,chair,36,9,200,335
chair (316).jpg,272,272,chair,7,10,189,265
chair (317).jpg,375,500,chair,43,58,273,413
chair (318).jpg,333,500,chair,75,151,245,433
chair (319).jpg,375,500,chair,15,15,233,450
chair (32).jpg,336,448,chair,33,15,288,416
chair (320).jpg,400,591,chair,64,28,352,574
chair (321).jpg,375,500,chair,37,79,262,455
chair (322).jpg,375,500,chair,54,23,279,442
chair (323).jpg,200,314,chair,5,11,165,308
chair (324).jpg,375,500,chair,38,263,228,500
chair (325).jpg,333,500,chair,14,31,315,500
chair (326).jpg,349,500,chair,5,5,338,487
chair (327).jpg,90,128,chair,4,5,81,118
chair (328).jpg,375,500,chair,45,53,287,416
chair (329).jpg,375,500,chair,67,69,302,481
chair (33).jpg,112,150,chair,22,9,94,136
chair (330).jpg,500,605,chair,84,39,435,596
chair (331).jpg,200,276,chair,24,9,168,253
chair (332).jpg,244,335,chair,17,11,215,323
chair (333).jpg,304,500,chair,27,18,277,488
chair (334).jpg,375,500,chair,30,38,344,469
chair (335).jpg,161,240,chair,11,17,136,223
chair (336).jpg,128,128,chair,21,3,112,123
chair (337).jpg,200,200,chair,38,4,160,198
chair (338).jpg,375,500,chair,46,47,291,442
chair (339).jpg,264,400,chair,2,3,264,399
chair (34).jpg,84,128,chair,9,8,81,122
chair (340).jpg,387,600,chair,9,16,341,576
chair (341).jpg,375,500,chair,179,138,362,488
chair (342).jpg,366,576,chair,1,4,360,571
chair (343).jpg,272,421,chair,23,6,223,409
chair (344).jpg,270,270,chair,46,2,223,263
chair (345).jpg,150,193,chair,14,9,120,179
chair (346).jpg,300,300,chair,51,8,252,291
chair (347).jpg,375,500,chair,14,24,344,418
chair (348).jpg,98,130,chair,7,17,69,118
chair (349).jpg,375,500,chair,100,40,319,450
chair (35).jpg,400,579,chair,22,48,374,545
chair (350).jpg,400,600,chair,48,46,364,552
chair (351).jpg,443,700,chair,23,14,426,675
chair (352).jpg,190,120,chair,56,5,126,116
chair (353).jpg,280,500,chair,6,1,258,493
chair (354).jpg,133,136,chair,20,15,111,130
chair (355).jpg,375,500,chair,90,57,272,413
chair (356).jpg,400,488,chair,77,51,339,468
chair (357).jpg,356,558,chair,23,11,320,537
chair (358).jpg,145,223,chair,8,3,138,212
chair (359).jpg,500,762,chair,15,56,458,743
chair (36).jpg,375,500,chair,77,79,268,428
chair (360).jpg,253,480,chair,5,2,244,476
chair (361).jpg,300,450,chair,23,50,262,409
chair (362).jpg,333,500,chair,29,19,309,472
chair (363).jpg,198,285,chair,14,6,173,271
chair (364).jpg,240,160,chair,72,7,172,140
chair (365).jpg,366,532,chair,95,77,277,490
chair (366).jpg,375,500,chair,28,9,327,498
chair (367).jpg,335,500,chair,33,32,290,476
chair (368).jpg,150,260,chair,12,10,142,254
chair (369).jpg,274,345,chair,17,10,263,331
chair (37).jpg,250,250,chair,79,49,167,209
chair (370).jpg,350,500,chair,26,10,328,490
chair (371).jpg,331,495,chair,8,9,315,474
chair (372).jpg,319,500,chair,28,22,290,488
chair (373).jpg,340,340,chair,65,10,265,326
chair (374).jpg,422,600,chair,37,15,363,591
chair (375).jpg,188,300,chair,2,2,182,300
chair (376).jpg,423,550,chair,34,17,381,550
chair (377).jpg,375,500,chair,46,74,271,410
chair (378).jpg,87,128,chair,5,8,79,124
chair (379).jpg,375,500,chair,17,8,259,444
chair (38).jpg,230,335,chair,23,6,198,324
chair (380).jpg,375,500,chair,48,98,332,451
chair (381).jpg,260,440,chair,13,12,241,424
chair (382).jpg,176,255,chair,8,9,155,245
chair (383).jpg,185,266,chair,24,19,152,252
chair (384).jpg,177,270,chair,32,21,158,256
chair (385).jpg,175,273,chair,35,20,163,254
chair (386).jpg,500,500,chair,72,42,440,459
chair (387).jpg,90,105,chair,8,10,81,85
chair (388).jpg,171,270,chair,14,21,171,270
chair (389).jpg,199,237,chair,6,7,199,223
chair (39).jpg,380,445,chair,61,12,319,418
chair (390).jpg,298,412,chair,36,8,284,408
chair (391).jpg,500,407,chair,121,40,436,388
chair (392).jpg,269,350,chair,5,7,252,324
chair (393).jpg,215,327,chair,17,17,191,324
chair (394).jpg,220,335,chair,44,20,194,327
chair (395).jpg,328,466,chair,25,14,289,429
chair (396).jpg,295,500,chair,38,60,278,438
chair (397).jpg,254,267,chair,5,9,241,265
chair (398).jpg,237,266,chair,7,7,236,248
chair (399).jpg,276,306,chair,40,21,221,289
chair (4).jpg,376,450,chair,46,56,324,349
chair (40).jpg,480,640,chair,89,48,365,582
chair (400).jpg,333,500,chair,57,35,312,461
chair (41).jpg,530,706,chair,42,114,488,675
chair (42).jpg,288,432,chair,32,28,261,397
chair (43).jpg,90,128,chair,6,1,84,127
chair (44).jpg,272,500,chair,25,49,272,471
chair (45).jpg,173,300,chair,2,5,170,293
chair (46).jpg,375,500,chair,87,44,287,420
chair (47).jpg,375,500,chair,33,82,325,499
chair (48).jpg,87,130,chair,4,3,85,129
chair (49).jpg,350,549,chair,27,29,315,535
chair (5).jpg,262,314,chair,41,17,209,254
chair (50).jpg,500,375,chair,192,14,369,317
chair (51).jpg,213,300,chair,18,9,181,289
chair (52).jpg,380,563,chair,37,38,333,531
chair (53).jpg,239,360,chair,14,12,208,351
chair (54).jpg,504,504,chair,171,123,353,384
chair (55).jpg,235,300,chair,6,4,231,300
chair (56).jpg,82,128,chair,7,5,80,125
chair (57).jpg,500,375,chair,154,7,361,339
chair (58).jpg,103,150,chair,6,9,83,142
chair (59).jpg,375,500,chair,48,13,321,500
chair (6).jpg,261,514,chair,8,1,259,507
chair (60).jpg,375,500,chair,74,91,262,429
chair (61).jpg,375,500,chair,75,54,302,435
chair (62).jpg,332,430,chair,46,10,301,411
chair (63).jpg,266,400,chair,7,6,260,395
chair (64).jpg,324,474,chair,45,10,284,465
chair (65).jpg,375,500,chair,7,42,315,482
chair (66).jpg,248,385,chair,18,35,212,380
chair (67).jpg,169,113,chair,53,1,112,113
chair (68).jpg,299,380,chair,61,52,243,360
chair (69).jpg,375,500,chair,4,31,356,500
chair (7).jpg,330,330,chair,68,19,280,330
chair (70).jpg,224,335,chair,18,10,200,332
chair (71).jpg,341,500,chair,121,164,307,466
chair (72).jpg,325,325,chair,76,18,248,316
chair (73).jpg,360,480,chair,17,62,312,417
chair (74).jpg,300,550,chair,10,11,285,537
chair (75).jpg,322,500,chair,26,13,300,497
chair (76).jpg,500,600,chair,104,72,414,548
chair (77).jpg,375,500,chair,51,25,312,486
chair (78).jpg,500,705,chair,115,107,393,630
chair (79).jpg,300,413,chair,38,23,265,398
chair (8).jpg,750,1000,chair,105,50,621,966
chair (80).jpg,326,500,chair,101,119,246,360
chair (81).jpg,398,600,chair,33,21,357,585
chair (82).jpg,165,236,chair,24,20,134,218
chair (83).jpg,460,640,chair,63,45,381,621
chair (84).jpg,225,300,chair,55,70,177,284
chair (85).jpg,375,500,chair,60,58,300,479
chair (86).jpg,250,332,chair,25,13,204,320
chair (87).jpg,513,751,chair,22,37,483,710
chair (88).jpg,97,128,chair,6,6,78,126
chair (89).jpg,85,128,chair,4,4,77,124
chair (9).jpg,700,700,chair,210,145,471,610
chair (90).jpg,362,487,chair,25,19,323,434
chair (91).jpg,500,375,chair,150,44,358,357
chair (92).jpg,500,375,chair,219,113,309,278
chair (93).jpg,375,500,chair,31,16,272,416
chair (94).jpg,375,500,chair,37,46,262,420
chair (95).jpg,98,128,chair,12,6,80,119
chair (96).jpg,400,400,chair,63,10,303,386
chair (97).jpg,325,325,chair,32,7,262,319
chair (98).jpg,400,508,chair,40,25,388,494
chair (99).jpg,300,460,chair,27,25,279,420
sofa (1).jpg,323,263,sofa,2,28,274,245
sofa (10).jpg,361,232,sofa,26,34,352,229
sofa (100).jpg,500,500,sofa,4,144,500,395
sofa (101).jpg,480,236,sofa,7,8,478,219
sofa (102).jpg,480,214,sofa,16,16,452,214
sofa (103).jpg,500,500,sofa,13,107,500,379
sofa (104).jpg,387,290,sofa,13,35,379,261
sofa (105).jpg,499,245,sofa,27,21,444,209
sofa (107).jpg,499,297,sofa,23,26,485,262
sofa (108).jpg,499,222,sofa,29,17,451,199
sofa (109).jpg,499,225,sofa,27,21,468,206
sofa (11).jpg,500,312,sofa,43,45,463,284
sofa (110).jpg,499,249,sofa,14,18,448,201
sofa (111).jpg,500,256,sofa,14,9,487,255
sofa (112).jpg,500,332,sofa,7,53,490,294
sofa (113).jpg,500,341,sofa,8,31,500,252
sofa (114).jpg,499,290,sofa,12,22,489,250
sofa (115).jpg,499,300,sofa,29,29,467,279
sofa (116).jpg,359,209,sofa,28,14,344,156
sofa (117).jpg,167,161,sofa,20,13,139,150
sofa (118).jpg,499,345,sofa,5,38,497,297
sofa (119).jpg,500,332,sofa,8,71,491,308
sofa (12).jpg,500,333,sofa,29,100,466,265
sofa (120).jpg,500,375,sofa,31,106,463,356
sofa (121).jpg,500,223,sofa,3,1,499,223
sofa (122).jpg,375,500,sofa,1,162,375,451
sofa (123).jpg,499,236,sofa,36,28,468,214
sofa (124).jpg,400,300,sofa,20,40,387,248
sofa (125).jpg,500,282,sofa,35,73,462,282
sofa (126).jpg,499,272,sofa,23,26,459,192
sofa (127).jpg,407,260,sofa,35,28,375,246
sofa (128).jpg,500,333,sofa,66,53,457,315
sofa (129).jpg,499,276,sofa,15,34,474,246
sofa (13).jpg,500,375,sofa,13,79,485,315
sofa (130).jpg,500,375,sofa,30,66,500,360
sofa (131).jpg,447,238,sofa,10,20,417,199
sofa (132).jpg,500,333,sofa,22,77,470,313
sofa (133).jpg,500,375,sofa,21,75,462,301
sofa (134).jpg,500,333,sofa,2,94,500,305
sofa (135).jpg,500,243,sofa,1,17,487,220
sofa (136).jpg,450,352,sofa,24,87,425,263
sofa (137).jpg,393,500,sofa,10,50,389,454
sofa (138).jpg,482,286,sofa,14,7,473,254
sofa (139).jpg,435,225,sofa,14,41,415,214
sofa (14).jpg,241,178,sofa,11,56,235,153
sofa (140).jpg,417,228,sofa,3,3,417,222
sofa (141).jpg,442,176,sofa,3,3,436,167
sofa (142).jpg,462,212,sofa,2,4,460,205
sofa (143).jpg,500,241,sofa,3,3,500,219
sofa (144).jpg,404,288,sofa,22,18,393,266
sofa (145).jpg,462,210,sofa,15,4,453,193
sofa (146).jpg,462,224,sofa,8,11,454,209
sofa (147).jpg,500,322,sofa,2,72,500,290
sofa (148).jpg,500,287,sofa,3,28,493,265
sofa (149).jpg,500,333,sofa,29,18,477,322
sofa (15).jpg,246,227,sofa,2,25,199,196
sofa (150).jpg,499,147,sofa,40,10,452,121
sofa (151).jpg,500,375,sofa,9,56,500,335
sofa (152).jpg,443,231,sofa,13,10,432,227
sofa (153).jpg,499,233,sofa,19,31,476,203
sofa (154).jpg,500,333,sofa,6,68,463,280
sofa (155).jpg,418,237,sofa,21,17,404,223
sofa (156).jpg,500,333,sofa,29,90,472,242
sofa (157).jpg,453,259,sofa,19,6,442,247
sofa (158).jpg,500,375,sofa,13,95,490,338
sofa (159).jpg,296,157,sofa,12,7,288,132
sofa (16).jpg,346,249,sofa,19,23,346,231
sofa (160).jpg,499,256,sofa,8,10,484,256
sofa (161).jpg,346,235,sofa,13,10,315,137
sofa (162).jpg,500,274,sofa,15,28,484,256
sofa (163).jpg,499,236,sofa,9,30,470,195
sofa (164).jpg,500,334,sofa,14,83,466,283
sofa (165).jpg,499,246,sofa,3,4,499,239
sofa (166).jpg,398,230,sofa,30,12,382,230
sofa (167).jpg,500,375,sofa,48,63,452,375
sofa (168).jpg,500,409,sofa,29,37,476,407
sofa (169).jpg,500,333,sofa,28,80,479,301
sofa (17).jpg,500,375,sofa,40,19,482,312
sofa (170).jpg,500,375,sofa,14,40,487,315
sofa (171).jpg,392,168,sofa,16,17,369,147
sofa (172).jpg,499,244,sofa,34,19,439,220
sofa (173).jpg,500,375,sofa,62,42,485,354
sofa (174).jpg,434,249,sofa,27,25,404,205
sofa (175).jpg,444,199,sofa,17,27,420,191
sofa (176).jpg,500,375,sofa,1,92,460,355
sofa (177).jpg,499,277,sofa,18,20,482,236
sofa (178).jpg,321,236,sofa,6,21,273,219
sofa (179).jpg,205,144,sofa,17,11,195,131
sofa (18).jpg,500,375,sofa,1,92,497,250
sofa (180).jpg,223,151,sofa,28,23,211,141
sofa (181).jpg,499,278,sofa,12,28,425,278
sofa (182).jpg,500,284,sofa,3,75,500,244
sofa (183).jpg,500,375,sofa,8,48,440,321
sofa (184).jpg,333,500,sofa,10,126,333,436
sofa (185).jpg,499,278,sofa,61,37,477,250
sofa (186).jpg,500,375,sofa,15,94,500,375
sofa (187).jpg,500,328,sofa,16,59,483,230
sofa (188).jpg,414,304,sofa,11,7,414,283
sofa (189).jpg,412,158,sofa,7,5,401,150
sofa (19).jpg,400,500,sofa,16,137,373,418
sofa (190).jpg,500,375,sofa,51,72,471,321
sofa (191).jpg,500,333,sofa,26,58,476,262
sofa (192).jpg,405,225,sofa,12,8,369,208
sofa (193).jpg,500,375,sofa,3,9,500,352
sofa (194).jpg,411,177,sofa,44,20,377,143
sofa (195).jpg,345,179,sofa,1,20,321,170
sofa (196).jpg,157,151,sofa,9,14,155,136
sofa (197).jpg,224,308,sofa,10,14,206,297
sofa (198).jpg,270,123,sofa,13,12,264,116
sofa (199).jpg,215,157,sofa,4,15,208,138
sofa (2).jpg,390,244,sofa,20,36,363,215
sofa (20).jpg,393,500,sofa,15,77,376,414
sofa (200).jpg,499,222,sofa,5,22,487,209
sofa (201).jpg,500,290,sofa,7,53,496,253
sofa (202).jpg,500,375,sofa,48,46,456,265
sofa (203).jpg,500,375,sofa,7,67,484,365
sofa (204).jpg,500,351,sofa,22,115,476,314
sofa (205).jpg,500,333,sofa,28,73,452,310
sofa (206).jpg,500,308,sofa,6,52,500,306
sofa (207).jpg,290,175,sofa,3,34,290,152
sofa (208).jpg,500,333,sofa,9,28,491,333
sofa (209).jpg,500,500,sofa,7,147,496,461
sofa (21).jpg,277,163,sofa,11,22,268,151
sofa (210).jpg,277,150,sofa,12,11,268,141
sofa (211).jpg,229,147,sofa,6,12,223,143
sofa (212).jpg,500,375,sofa,34,109,465,343
sofa (213).jpg,500,335,sofa,43,74,494,319
sofa (214).jpg,500,375,sofa,23,30,481,250
sofa (215).jpg,428,283,sofa,3,17,384,269
sofa (216).jpg,499,187,sofa,21,21,451,154
sofa (217).jpg,231,185,sofa,1,14,213,158
sofa (218).jpg,459,205,sofa,7,12,445,193
sofa (219).jpg,339,208,sofa,7,48,315,170
sofa (22).jpg,235,182,sofa,6,17,228,161
sofa (220).jpg,487,181,sofa,5,17,429,169
sofa (221).jpg,500,500,sofa,3,133,497,366
sofa (222).jpg,500,375,sofa,25,51,461,331
sofa (223).jpg,500,291,sofa,10,13,491,270
sofa (224).jpg,449,261,sofa,3,8,449,227
sofa (225).jpg,310,141,sofa,9,10,302,138
sofa (226).jpg,500,218,sofa,5,9,493,211
sofa (227).jpg,500,281,sofa,5,37,500,243
sofa (228).jpg,499,332,sofa,9,26,479,311
sofa (229).jpg,500,281,sofa,9,28,496,255
sofa (23).jpg,489,164,sofa,11,16,485,164
sofa (230).jpg,500,347,sofa,6,40,493,301
sofa (231).jpg,303,172,sofa,2,21,264,143
sofa (232).jpg,249,240,sofa,13,20,246,212
sofa (233).jpg,500,363,sofa,6,87,492,333
sofa (234).jpg,500,292,sofa,21,40,479,273
sofa (235).jpg,357,236,sofa,22,25,334,215
sofa (236).jpg,500,363,sofa,8,83,494,331
sofa (237).jpg,499,172,sofa,37,19,453,150
sofa (238).jpg,500,348,sofa,5,3,500,333
sofa (239).jpg,500,335,sofa,13,80,477,330
sofa (24).jpg,500,263,sofa,19,25,496,253
sofa (240).jpg,500,333,sofa,48,47,425,309
sofa (241).jpg,500,375,sofa,23,76,482,368
sofa (242).jpg,493,258,sofa,20,20,467,258
sofa (243).jpg,426,237,sofa,16,7,387,219
sofa (244).jpg,500,300,sofa,6,84,492,255
sofa (245).jpg,499,219,sofa,54,28,450,155
sofa (246).jpg,500,354,sofa,11,71,489,296
sofa (247).jpg,379,181,sofa,5,23,362,162
sofa (248).jpg,500,370,sofa,3,78,496,312
sofa (249).jpg,499,259,sofa,18,18,440,210
sofa (25).jpg,500,401,sofa,12,88,488,382
sofa (250).jpg,440,260,sofa,13,35,429,239
sofa (251).jpg,500,338,sofa,10,95,494,283
sofa (252).jpg,396,218,sofa,41,31,338,189
sofa (253).jpg,499,187,sofa,12,24,430,165
sofa (254).jpg,482,238,sofa,41,45,445,213
sofa (255).jpg,422,317,sofa,22,89,383,239
sofa (256).jpg,500,268,sofa,9,28,500,262
sofa (257).jpg,367,192,sofa,6,13,328,174
sofa (258).jpg,500,333,sofa,3,50,450,316
sofa (259).jpg,286,167,sofa,9,11,270,153
sofa (26).jpg,500,281,sofa,50,18,424,273
sofa (260).jpg,221,167,sofa,11,8,212,143
sofa (261).jpg,389,205,sofa,16,8,366,200
sofa (262).jpg,500,274,sofa,24,25,477,249
sofa (263).jpg,500,375,sofa,1,55,500,350
sofa (264).jpg,499,257,sofa,35,20,432,217
sofa (265).jpg,458,259,sofa,23,25,441,226
sofa (266).jpg,500,339,sofa,11,65,483,317
sofa (267).jpg,500,333,sofa,7,72,481,325
sofa (268).jpg,500,336,sofa,8,62,482,320
sofa (269).jpg,499,274,sofa,51,16,422,264
sofa (27).jpg,500,333,sofa,79,36,439,317
sofa (270).jpg,499,217,sofa,3,6,499,200
sofa (271).jpg,500,346,sofa,18,61,493,344
sofa (272).jpg,500,334,sofa,47,8,480,331
sofa (273).jpg,500,344,sofa,26,93,470,322
sofa (274).jpg,260,173,sofa,17,43,236,147
sofa (275).jpg,260,173,sofa,10,17,248,165
sofa (276).jpg,260,173,sofa,17,42,243,146
sofa (277).jpg,500,375,sofa,1,35,477,375
sofa (278).jpg,239,141,sofa,8,9,226,123
sofa (279).jpg,500,278,sofa,6,7,489,271
sofa (28).jpg,467,223,sofa,36,30,435,209
sofa (280).jpg,381,244,sofa,27,17,342,224
sofa (281).jpg,415,254,sofa,10,11,401,237
sofa (282).jpg,415,244,sofa,14,8,389,228
sofa (283).jpg,418,241,sofa,15,10,397,234
sofa (284).jpg,418,240,sofa,18,11,400,229
sofa (286).jpg,294,168,sofa,18,16,275,144
sofa (287).jpg,199,184,sofa,12,11,172,172
sofa (288).jpg,500,375,sofa,9,15,480,301
sofa (289).jpg,500,365,sofa,11,85,496,291
sofa (29).jpg,500,375,sofa,9,77,493,355
sofa (290).jpg,500,271,sofa,41,36,465,246
sofa (291).jpg,500,192,sofa,2,6,500,180
sofa (292).jpg,466,236,sofa,3,5,466,220
sofa (293).jpg,466,206,sofa,16,5,444,206
sofa (294).jpg,499,267,sofa,2,7,495,231
sofa (295).jpg,444,216,sofa,17,8,444,216
sofa (296).jpg,500,339,sofa,5,16,496,330
sofa (297).jpg,481,308,sofa,9,18,450,259
sofa (298).jpg,481,234,sofa,26,11,444,234
sofa (299).jpg,500,375,sofa,30,48,480,348
sofa (3).jpg,392,500,sofa,5,82,392,486
sofa (30).jpg,500,271,sofa,11,28,489,245
sofa (300).jpg,500,333,sofa,25,38,470,314
sofa (301).jpg,468,296,sofa,2,28,445,292
sofa (302).jpg,500,375,sofa,35,94,468,375
sofa (303).jpg,432,249,sofa,26,105,415,249
sofa (304).jpg,430,210,sofa,21,17,380,186
sofa (305).jpg,260,173,sofa,19,53,245,156
sofa (306).jpg,500,375,sofa,43,69,460,365
sofa (307).jpg,300,225,sofa,1,42,300,193
sofa (308).jpg,366,239,sofa,11,10,331,228
sofa (309).jpg,323,191,sofa,13,15,310,176
sofa (31).jpg,499,291,sofa,13,21,475,240
sofa (310).jpg,500,333,sofa,37,92,483,306
sofa (311).jpg,500,333,sofa,6,58,491,290
sofa (312).jpg,306,293,sofa,12,15,285,273
sofa (313).jpg,353,195,sofa,14,19,338,167
sofa (314).jpg,500,375,sofa,18,75,477,318
sofa (315).jpg,348,255,sofa,16,12,317,223
sofa (316).jpg,290,290,sofa,2,68,290,225
sofa (317).jpg,500,211,sofa,4,6,500,211
sofa (318).jpg,500,333,sofa,19,68,481,272
sofa (319).jpg,285,169,sofa,12,14,274,160
sofa (32).jpg,500,375,sofa,35,164,465,327
sofa (320).jpg,447,240,sofa,15,20,402,236
sofa (321).jpg,499,324,sofa,15,17,493,298
sofa (322).jpg,500,333,sofa,27,74,461,293
sofa (323).jpg,499,252,sofa,1,1,496,225
sofa (324).jpg,470,206,sofa,10,2,458,206
sofa (325).jpg,499,232,sofa,13,12,483,227
sofa (326).jpg,430,213,sofa,10,7,414,202
sofa (327).jpg,419,209,sofa,9,6,415,184
sofa (328).jpg,500,500,sofa,49,29,440,472
sofa (329).jpg,500,500,sofa,54,41,434,487
sofa (33).jpg,500,400,sofa,40,141,454,340
sofa (330).jpg,500,500,sofa,16,192,484,391
sofa (331).jpg,420,310,sofa,5,84,415,227
sofa (332).jpg,500,500,sofa,29,166,478,340
sofa (333).jpg,499,299,sofa,12,30,490,245
sofa (334).jpg,499,400,sofa,37,32,497,378
sofa (335).jpg,500,500,sofa,42,14,477,494
sofa (336).jpg,410,410,sofa,10,160,410,329
sofa (337).jpg,500,500,sofa,11,146,489,384
sofa (338).jpg,500,500,sofa,8,177,500,411
sofa (339).jpg,500,500,sofa,20,161,487,386
sofa (34).jpg,500,357,sofa,88,92,485,323
sofa (340).jpg,280,158,sofa,3,11,270,146
sofa (341).jpg,227,201,sofa,4,18,224,193
sofa (342).jpg,488,308,sofa,9,11,479,254
sofa (343).jpg,463,260,sofa,60,23,431,256
sofa (344).jpg,499,256,sofa,20,23,477,248
sofa (345).jpg,412,269,sofa,31,13,386,250
sofa (346).jpg,500,249,sofa,32,55,465,212
sofa (347).jpg,499,269,sofa,13,24,483,253
sofa (348).jpg,439,252,sofa,20,7,410,234
sofa (349).jpg,457,213,sofa,2,7,454,206
sofa (35).jpg,499,327,sofa,13,24,494,317
sofa (350).jpg,439,187,sofa,8,5,428,187
sofa (351).jpg,450,273,sofa,26,21,405,252
sofa (352).jpg,500,333,sofa,7,37,487,297
sofa (353).jpg,477,250,sofa,12,11,466,246
sofa (354).jpg,329,203,sofa,9,17,309,191
sofa (355).jpg,500,337,sofa,9,69,482,275
sofa (356).jpg,500,333,sofa,54,56,447,312
sofa (357).jpg,500,375,sofa,7,68,463,375
sofa (358).jpg,500,300,sofa,5,68,496,241
sofa (359).jpg,500,375,sofa,28,54,500,304
sofa (36).jpg,500,375,sofa,65,104,496,362
sofa (360).jpg,500,340,sofa,13,10,490,318
sofa (361).jpg,500,333,sofa,42,53,446,264
sofa (362).jpg,329,261,sofa,10,12,295,231
sofa (363).jpg,341,251,sofa,32,33,299,209
sofa (364).jpg,499,224,sofa,10,22,471,173
sofa (365).jpg,500,333,sofa,36,106,468,286
sofa (366).jpg,500,204,sofa,4,9,500,202
sofa (367).jpg,500,333,sofa,21,76,476,301
sofa (368).jpg,500,333,sofa,33,55,476,325
sofa (369).jpg,499,317,sofa,2,13,499,249
sofa (37).jpg,500,375,sofa,23,46,469,349
sofa (370).jpg,426,242,sofa,13,7,407,242
sofa (371).jpg,499,283,sofa,34,7,475,262
sofa (372).jpg,364,246,sofa,4,9,346,242
sofa (373).jpg,499,267,sofa,10,6,498,230
sofa (374).jpg,398,242,sofa,5,4,390,241
sofa (375).jpg,499,296,sofa,6,9,491,228
sofa (376).jpg,396,257,sofa,15,2,382,253
sofa (377).jpg,280,144,sofa,3,11,259,132
sofa (378).jpg,227,156,sofa,6,12,223,135
sofa (379).jpg,500,382,sofa,10,71,491,328
sofa (38).jpg,500,375,sofa,6,40,496,285
sofa (380).jpg,500,194,sofa,8,5,492,190
sofa (381).jpg,500,333,sofa,106,127,483,308
sofa (382).jpg,500,375,sofa,31,121,450,333
sofa (383).jpg,500,500,sofa,8,120,480,396
sofa (384).jpg,500,375,sofa,30,64,475,344
sofa (385).jpg,480,480,sofa,31,134,469,374
sofa (386).jpg,500,375,sofa,53,87,471,342
sofa (387).jpg,500,375,sofa,3,84,496,330
sofa (388).jpg,500,333,sofa,20,102,479,279
sofa (389).jpg,500,400,sofa,26,135,478,347
sofa (39).jpg,500,375,sofa,98,132,500,375
sofa (390).jpg,500,375,sofa,41,99,481,304
sofa (391).jpg,499,246,sofa,33,37,479,211
sofa (392).jpg,350,389,sofa,8,14,330,360
sofa (393).jpg,499,267,sofa,6,13,491,240
sofa (394).jpg,427,227,sofa,15,7,411,221
sofa (395).jpg,500,334,sofa,13,54,446,333
sofa (396).jpg,276,215,sofa,3,13,261,181
sofa (397).jpg,142,114,sofa,7,8,139,106
sofa (398).jpg,194,100,sofa,4,9,193,91
sofa (399).jpg,148,123,sofa,7,11,148,113
sofa (4).jpg,500,376,sofa,5,159,482,335
sofa (40).jpg,499,193,sofa,47,40,444,172
sofa (400).jpg,145,132,sofa,10,6,141,116
sofa (401).jpg,215,116,sofa,4,10,214,105
sofa (402).jpg,134,131,sofa,2,5,134,115
sofa (41).jpg,369,177,sofa,33,33,335,148
sofa (42).jpg,500,408,sofa,20,105,474,384
sofa (43).jpg,499,267,sofa,26,29,471,237
sofa (44).jpg,500,266,sofa,14,30,490,250
sofa (45).jpg,500,227,sofa,2,8,500,226
sofa (46).jpg,194,141,sofa,21,24,186,124
sofa (47).jpg,242,159,sofa,10,14,242,154
sofa (48).jpg,500,374,sofa,1,53,500,374
sofa (49).jpg,312,184,sofa,6,17,307,160
sofa (5).jpg,500,374,sofa,42,113,489,362
sofa (50).jpg,188,193,sofa,14,16,179,181
sofa (51).jpg,500,327,sofa,1,24,500,310
sofa (52).jpg,420,310,sofa,9,75,409,241
sofa (53).jpg,500,375,sofa,33,64,481,292
sofa (54).jpg,375,500,sofa,4,167,311,387
sofa (55).jpg,261,179,sofa,6,6,261,168
sofa (56).jpg,499,229,sofa,35,28,495,217
sofa (57).jpg,499,187,sofa,11,17,450,172
sofa (58).jpg,500,243,sofa,1,3,500,243
sofa (59).jpg,500,305,sofa,20,56,478,271
sofa (6).jpg,500,500,sofa,16,149,492,392
sofa (60).jpg,500,375,sofa,2,67,500,308
sofa (61).jpg,500,375,sofa,7,94,494,329
sofa (62).jpg,306,170,sofa,8,10,306,144
sofa (63).jpg,500,333,sofa,10,38,500,286
sofa (64).jpg,500,313,sofa,43,130,416,278
sofa (65).jpg,500,375,sofa,19,65,476,311
sofa (66).jpg,427,228,sofa,36,23,404,199
sofa (67).jpg,365,208,sofa,20,14,322,188
sofa (68).jpg,499,221,sofa,18,30,482,189
sofa (69).jpg,500,300,sofa,6,20,494,289
sofa (7).jpg,315,159,sofa,21,13,301,147
sofa (70).jpg,500,375,sofa,40,58,476,336
sofa (71).jpg,500,334,sofa,13,84,473,288
sofa (72).jpg,500,375,sofa,7,58,468,359
sofa (73).jpg,500,282,sofa,18,32,479,266
sofa (74).jpg,499,256,sofa,81,43,485,231
sofa (75).jpg,480,342,sofa,14,96,471,310
sofa (76).jpg,500,375,sofa,81,115,496,337
sofa (77).jpg,500,375,sofa,5,29,500,375
sofa (78).jpg,500,368,sofa,8,90,468,347
sofa (79).jpg,500,275,sofa,3,20,498,260
sofa (8).jpg,242,190,sofa,5,27,202,160
sofa (80).jpg,499,250,sofa,33,8,449,231
sofa (81).jpg,500,333,sofa,20,53,476,305
sofa (82).jpg,299,194,sofa,2,19,299,170
sofa (83).jpg,500,375,sofa,18,77,488,283
sofa (84).jpg,300,122,sofa,4,3,300,119
sofa (85).jpg,500,374,sofa,9,32,478,281
sofa (86).jpg,280,191,sofa,14,14,266,155
sofa (87).jpg,499,291,sofa,9,38,487,249
sofa (88).jpg,269,169,sofa,21,12,269,152
sofa (89).jpg,500,250,sofa,1,1,494,244
sofa (9).jpg,281,175,sofa,16,14,257,164
sofa (90).jpg,500,359,sofa,18,80,469,313
sofa (90).jpg,500,359,sofa,360,281,481,346
sofa (91).jpg,500,375,sofa,51,27,497,359
sofa (92).jpg,451,500,sofa,28,185,418,360
sofa (93).jpg,500,239,sofa,1,33,500,231
sofa (94).jpg,499,265,sofa,24,21,468,237
sofa (95).jpg,499,237,sofa,20,18,488,221
sofa (96).jpg,500,229,sofa,18,8,489,225
sofa (97).jpg,500,379,sofa,1,52,500,313
sofa (98).jpg,500,369,sofa,58,100,450,341
sofa (99).jpg,322,205,sofa,1,11,260,187
swivelchair (1).jpg,100,100,swivelchair,20,6,79,97
swivelchair (10).jpg,200,200,swivelchair,48,3,156,199
swivelchair (100).jpg,250,250,swivelchair,56,15,191,233
swivelchair (101).jpg,176,240,swivelchair,36,7,165,226
swivelchair (102).jpg,225,225,swivelchair,16,19,154,210
swivelchair (103).jpg,200,257,swivelchair,10,29,182,246
swivelchair (104).jpg,500,333,swivelchair,161,40,375,327
swivelchair (105).jpg,280,441,swivelchair,14,14,272,427
swivelchair (106).jpg,494,600,swivelchair,31,27,465,569
swivelchair (107).jpg,540,763,swivelchair,36,11,486,734
swivelchair (108).jpg,400,400,swivelchair,97,14,337,378
swivelchair (109).jpg,136,240,swivelchair,4,2,136,235
swivelchair (11).jpg,250,250,swivelchair,55,8,201,240
swivelchair (110).jpg,240,240,swivelchair,45,10,194,237
swivelchair (111).jpg,500,333,swivelchair,127,40,353,321
swivelchair (112).jpg,360,360,swivelchair,62,9,306,350
swivelchair (113).jpg,250,250,swivelchair,70,28,216,216
swivelchair (114).jpg,150,150,swivelchair,23,5,122,145
swivelchair (115).jpg,250,250,swivelchair,37,5,188,246
swivelchair (116).jpg,333,500,swivelchair,17,6,300,490
swivelchair (117).jpg,100,100,swivelchair,12,5,75,98
swivelchair (118).jpg,300,391,swivelchair,24,6,267,386
swivelchair (119).jpg,150,200,swivelchair,10,4,128,181
swivelchair (12).jpg,500,782,swivelchair,40,21,479,760
swivelchair (120).jpg,240,320,swivelchair,30,16,210,301
swivelchair (121).jpg,283,500,swivelchair,4,8,263,500
swivelchair (122).jpg,120,137,swivelchair,6,1,89,113
swivelchair (123).jpg,500,375,swivelchair,84,9,395,368
swivelchair (124).jpg,250,250,swivelchair,64,5,185,244
swivelchair (125).jpg,500,375,swivelchair,214,129,352,314
swivelchair (126).jpg,420,240,swivelchair,147,6,267,233
swivelchair (127).jpg,238,238,swivelchair,44,16,186,226
swivelchair (128).jpg,100,100,swivelchair,19,3,77,97
swivelchair (129).jpg,488,336,swivelchair,126,20,357,322
swivelchair (13).jpg,333,500,swivelchair,1,1,318,485
swivelchair (130).jpg,200,299,swivelchair,12,22,181,292
swivelchair (131).jpg,100,100,swivelchair,20,3,77,98
swivelchair (132).jpg,240,239,swivelchair,48,14,176,227
swivelchair (133).jpg,490,327,swivelchair,115,12,368,309
swivelchair (134).jpg,270,384,swivelchair,21,48,255,359
swivelchair (135).jpg,1200,1600,swivelchair,492,814,970,1504
swivelchair (136).jpg,250,250,swivelchair,49,12,199,235
swivelchair (137).jpg,1200,1600,swivelchair,155,136,1060,1551
swivelchair (138).jpg,250,250,swivelchair,39,35,198,237
swivelchair (139).jpg,140,240,swivelchair,6,5,138,235
swivelchair (14).jpg,375,500,swivelchair,35,10,357,500
swivelchair (140).jpg,267,400,swivelchair,10,14,256,393
swivelchair (141).jpg,102,140,swivelchair,7,6,86,126
swivelchair (142).jpg,200,291,swivelchair,7,10,191,283
swivelchair (143).jpg,178,227,swivelchair,35,17,165,215
swivelchair (144).jpg,170,200,swivelchair,27,6,147,196
swivelchair (145).jpg,124,155,swivelchair,4,3,119,149
swivelchair (146).jpg,187,249,swivelchair,7,4,178,245
swivelchair (147).jpg,300,315,swivelchair,53,8,261,304
swivelchair (148).jpg,136,195,swivelchair,12,11,115,173
swivelchair (149).jpg,332,500,swivelchair,27,64,287,492
swivelchair (15).jpg,100,100,swivelchair,24,4,83,94
swivelchair (150).jpg,250,250,swivelchair,83,15,188,214
swivelchair (151).jpg,190,265,swivelchair,4,6,182,256
swivelchair (152).jpg,240,240,swivelchair,47,7,194,231
swivelchair (153).jpg,507,736,swivelchair,52,16,471,720
swivelchair (154).jpg,125,125,swivelchair,18,1,102,121
swivelchair (155).jpg,250,250,swivelchair,48,52,206,239
swivelchair (156).jpg,265,265,swivelchair,81,57,194,244
swivelchair (157).jpg,219,283,swivelchair,7,3,206,282
swivelchair (158).jpg,160,241,swivelchair,20,7,147,240
swivelchair (159).jpg,250,250,swivelchair,63,10,188,238
swivelchair (16).jpg,240,230,swivelchair,43,28,209,212
swivelchair (160).jpg,440,569,swivelchair,62,28,391,530
swivelchair (161).jpg,129,200,swivelchair,7,8,127,200
swivelchair (162).jpg,240,240,swivelchair,38,18,189,228
swivelchair (163).jpg,274,274,swivelchair,39,27,217,264
swivelchair (164).jpg,240,240,swivelchair,54,12,180,230
swivelchair (165).jpg,160,160,swivelchair,36,8,117,137
swivelchair (166).jpg,400,663,swivelchair,45,28,365,650
swivelchair (167).jpg,250,347,swivelchair,45,18,224,333
swivelchair (168).jpg,175,233,swivelchair,26,8,154,222
swivelchair (169).jpg,270,360,swivelchair,56,45,222,336
swivelchair (17).jpg,118,150,swivelchair,5,8,109,144
swivelchair (170).jpg,500,444,swivelchair,316,163,435,382
swivelchair (171).jpg,188,320,swivelchair,5,10,169,303
swivelchair (172).jpg,200,200,swivelchair,41,6,159,197
swivelchair (173).jpg,240,240,swivelchair,34,18,195,231
swivelchair (174).jpg,225,225,swivelchair,45,6,168,190
swivelchair (175).jpg,240,240,swivelchair,57,11,196,233
swivelchair (176).jpg,300,300,swivelchair,75,1,251,294
swivelchair (177).jpg,165,250,swivelchair,2,10,161,243
swivelchair (178).jpg,125,145,swivelchair,3,1,120,140
swivelchair (179).jpg,300,225,swivelchair,108,23,229,223
swivelchair (18).jpg,240,240,swivelchair,56,12,189,223
swivelchair (180).jpg,412,587,swivelchair,11,7,410,575
swivelchair (181).jpg,292,448,swivelchair,1,63,267,429
swivelchair (182).jpg,240,240,swivelchair,53,8,186,231
swivelchair (183).jpg,423,600,swivelchair,2,38,409,583
swivelchair (184).jpg,170,252,swivelchair,8,16,162,245
swivelchair (185).jpg,288,350,swivelchair,22,31,254,320
swivelchair (186).jpg,240,240,swivelchair,46,8,186,231
swivelchair (187).jpg,375,500,swivelchair,20,57,339,497
swivelchair (188).jpg,152,250,swivelchair,6,7,145,250
swivelchair (189).jpg,500,375,swivelchair,53,85,242,360
swivelchair (19).jpg,127,240,swivelchair,1,1,125,238
swivelchair (190).jpg,120,120,swivelchair,39,13,92,99
swivelchair (191).jpg,270,384,swivelchair,19,58,261,359
swivelchair (192).jpg,333,500,swivelchair,75,174,235,416
swivelchair (193).jpg,125,187,swivelchair,16,17,104,175
swivelchair (194).jpg,100,100,swivelchair,27,4,71,94
swivelchair (195).jpg,375,500,swivelchair,19,1,303,494
swivelchair (196).jpg,171,240,swivelchair,19,8,138,226
swivelchair (197).jpg,250,250,swivelchair,54,5,212,244
swivelchair (198).jpg,146,240,swivelchair,14,1,146,233
swivelchair (199).jpg,240,284,swivelchair,22,1,212,284
swivelchair (2).jpg,263,500,swivelchair,2,48,263,492
swivelchair (20).jpg,250,250,swivelchair,43,14,212,237
swivelchair (200).jpg,250,250,swivelchair,44,7,218,238
swivelchair (201).jpg,180,216,swivelchair,6,23,173,202
swivelchair (202).jpg,100,100,swivelchair,23,7,79,94
swivelchair (203).jpg,171,187,swivelchair,5,7,163,179
swivelchair (204).jpg,149,240,swivelchair,11,4,140,235
swivelchair (205).jpg,141,175,swivelchair,13,8,128,167
swivelchair (206).jpg,350,500,swivelchair,34,34,338,472
swivelchair (207).jpg,100,100,swivelchair,14,3,79,97
swivelchair (208).jpg,250,391,swivelchair,13,8,239,382
swivelchair (209).jpg,234,234,swivelchair,48,6,197,227
swivelchair (21).jpg,165,225,swivelchair,9,22,157,204
swivelchair (210).jpg,474,500,swivelchair,37,14,437,488
swivelchair (211).jpg,500,351,swivelchair,269,37,493,346
swivelchair (212).jpg,500,375,swivelchair,135,41,357,341
swivelchair (213).jpg,100,100,swivelchair,23,5,76,98
swivelchair (214).jpg,180,240,swivelchair,3,7,180,231
swivelchair (215).jpg,375,500,swivelchair,50,60,324,460
swivelchair (216).jpg,281,441,swivelchair,12,10,274,432
swivelchair (217).jpg,333,500,swivelchair,47,129,260,461
swivelchair (218).jpg,136,182,swivelchair,26,11,112,175
swivelchair (219).jpg,240,240,swivelchair,49,12,196,229
swivelchair (22).jpg,250,250,swivelchair,71,69,182,200
swivelchair (220).jpg,375,397,swivelchair,85,11,327,391
swivelchair (221).jpg,270,500,swivelchair,1,10,265,500
swivelchair (222).jpg,318,318,swivelchair,42,12,261,306
swivelchair (223).jpg,100,157,swivelchair,5,3,97,148
swivelchair (224).jpg,250,250,swivelchair,31,4,218,244
swivelchair (225).jpg,400,400,swivelchair,88,61,306,353
swivelchair (226).jpg,100,100,swivelchair,23,5,77,98
swivelchair (227).jpg,375,500,swivelchair,46,59,353,485
swivelchair (228).jpg,200,356,swivelchair,5,5,197,349
swivelchair (229).jpg,225,300,swivelchair,16,24,207,287
swivelchair (23).jpg,299,450,swivelchair,10,6,295,436
swivelchair (230).jpg,375,500,swivelchair,70,144,300,464
swivelchair (231).jpg,130,240,swivelchair,10,12,128,232
swivelchair (232).jpg,366,569,swivelchair,4,2,366,569
swivelchair (233).jpg,240,240,swivelchair,33,10,194,230
swivelchair (234).jpg,150,150,swivelchair,19,4,123,143
swivelchair (235).jpg,444,615,swivelchair,36,52,412,608
swivelchair (236).jpg,365,500,swivelchair,60,15,327,485
swivelchair (237).jpg,500,333,swivelchair,88,19,293,322
swivelchair (238).jpg,375,500,swivelchair,18,76,354,427
swivelchair (239).jpg,193,240,swivelchair,6,11,181,230
swivelchair (24).jpg,100,100,swivelchair,15,5,85,95
swivelchair (240).jpg,217,212,swivelchair,3,22,210,198
swivelchair (241).jpg,450,544,swivelchair,41,38,403,500
swivelchair (242).jpg,152,240,swivelchair,4,3,151,240
swivelchair (243).jpg,250,250,swivelchair,38,26,208,244
swivelchair (244).jpg,500,375,swivelchair,297,88,431,308
swivelchair (244).jpg,500,375,swivelchair,220,88,273,181
swivelchair (245).jpg,250,250,swivelchair,46,16,191,249
swivelchair (246).jpg,332,500,swivelchair,35,45,296,488
swivelchair (247).jpg,501,400,swivelchair,106,18,372,377
swivelchair (248).jpg,240,240,swivelchair,54,11,184,235
swivelchair (249).jpg,150,177,swivelchair,21,4,132,173
swivelchair (25).jpg,864,1152,swivelchair,255,286,730,1116
swivelchair (250).jpg,249,350,swivelchair,28,28,219,329
swivelchair (251).jpg,132,126,swivelchair,31,3,99,124
swivelchair (252).jpg,375,500,swivelchair,39,20,319,488
swivelchair (253).jpg,526,600,swivelchair,37,15,500,584
swivelchair (254).jpg,166,260,swivelchair,12,2,163,256
swivelchair (255).jpg,300,300,swivelchair,41,43,224,300
swivelchair (256).jpg,250,250,swivelchair,52,10,194,239
swivelchair (257).jpg,250,250,swivelchair,54,13,183,240
swivelchair (258).jpg,250,250,swivelchair,65,34,201,207
swivelchair (259).jpg,500,500,swivelchair,40,51,456,500
swivelchair (26).jpg,158,250,swivelchair,11,10,153,235
swivelchair (260).jpg,240,240,swivelchair,46,18,193,233
swivelchair (261).jpg,250,250,swivelchair,40,20,194,249
swivelchair (262).jpg,104,150,swivelchair,1,2,104,149
swivelchair (263).jpg,479,500,swivelchair,214,304,376,500
swivelchair (264).jpg,250,374,swivelchair,5,7,241,368
swivelchair (265).jpg,375,500,swivelchair,18,19,349,493
swivelchair (266).jpg,240,240,swivelchair,56,7,182,229
swivelchair (267).jpg,500,500,swivelchair,73,29,422,470
swivelchair (268).jpg,375,500,swivelchair,34,2,328,489
swivelchair (269).jpg,145,240,swivelchair,4,4,141,231
swivelchair (27).jpg,202,271,swivelchair,2,6,190,267
swivelchair (270).jpg,419,490,swivelchair,31,26,379,455
swivelchair (271).jpg,250,250,swivelchair,81,30,200,208
swivelchair (272).jpg,201,256,swivelchair,9,11,196,244
swivelchair (273).jpg,375,500,swivelchair,68,41,306,488
swivelchair (274).jpg,612,1027,swivelchair,12,48,612,1009
swivelchair (275).jpg,352,304,swivelchair,55,13,273,296
swivelchair (276).jpg,115,150,swivelchair,6,1,115,147
swivelchair (277).jpg,120,135,swivelchair,9,3,94,115
swivelchair (278).jpg,413,550,swivelchair,32,23,346,498
swivelchair (279).jpg,375,500,swivelchair,18,16,325,500
swivelchair (28).jpg,256,293,swivelchair,45,19,224,282
swivelchair (280).jpg,200,200,swivelchair,45,11,154,186
swivelchair (281).jpg,203,300,swivelchair,3,2,203,294
swivelchair (282).jpg,500,333,swivelchair,143,45,357,318
swivelchair (284).jpg,500,332,swivelchair,184,6,417,318
swivelchair (286).jpg,500,481,swivelchair,239,206,387,443
swivelchair (287).jpg,500,333,swivelchair,148,76,316,320
swivelchair (288).jpg,250,250,swivelchair,39,38,217,249
swivelchair (289).jpg,375,500,swivelchair,12,33,316,477
swivelchair (29).jpg,169,250,swivelchair,3,4,161,247
swivelchair (290).jpg,311,375,swivelchair,9,2,296,368
swivelchair (291).jpg,768,1024,swivelchair,65,127,713,944
swivelchair (292).jpg,375,500,swivelchair,50,104,308,482
swivelchair (293).jpg,330,500,swivelchair,77,162,224,354
swivelchair (294).jpg,240,348,swivelchair,10,9,234,333
swivelchair (295).jpg,280,280,swivelchair,78,32,202,259
swivelchair (296).jpg,240,240,swivelchair,46,12,187,231
swivelchair (297).jpg,315,444,swivelchair,41,9,267,437
swivelchair (298).jpg,290,290,swivelchair,61,5,228,285
swivelchair (299).jpg,150,187,swivelchair,22,10,138,184
swivelchair (3).jpg,500,500,swivelchair,59,26,436,476
swivelchair (30).jpg,240,240,swivelchair,52,8,188,234
swivelchair (300).jpg,187,320,swivelchair,3,5,170,309
swivelchair (301).jpg,375,500,swivelchair,56,51,295,480
swivelchair (302).jpg,250,250,swivelchair,59,32,193,237
swivelchair (303).jpg,320,418,swivelchair,38,9,257,408
swivelchair (304).jpg,333,500,swivelchair,76,168,225,388
swivelchair (305).jpg,333,500,swivelchair,19,53,296,454
swivelchair (306).jpg,154,240,swivelchair,7,9,141,227
swivelchair (307).jpg,240,180,swivelchair,51,38,138,171
swivelchair (308).jpg,500,333,swivelchair,81,92,269,326
swivelchair (309).jpg,500,375,swivelchair,127,18,364,365
swivelchair (31).jpg,298,445,swivelchair,18,6,269,439
swivelchair (310).jpg,360,360,swivelchair,51,9,302,353
swivelchair (311).jpg,375,500,swivelchair,33,46,331,466
swivelchair (312).jpg,138,120,swivelchair,29,2,108,116
swivelchair (313).jpg,163,240,swivelchair,18,15,147,223
swivelchair (314).jpg,100,140,swivelchair,5,1,88,121
swivelchair (315).jpg,500,500,swivelchair,91,31,405,465
swivelchair (316).jpg,100,100,swivelchair,23,4,82,97
swivelchair (317).jpg,240,240,swivelchair,46,13,201,230
swivelchair (318).jpg,400,330,swivelchair,93,23,305,304
swivelchair (319).jpg,375,500,swivelchair,34,31,356,495
swivelchair (32).jpg,240,240,swivelchair,42,9,202,228
swivelchair (320).jpg,295,350,swivelchair,20,66,248,273
swivelchair (321).jpg,185,185,swivelchair,33,1,149,182
swivelchair (322).jpg,500,692,swivelchair,56,20,466,692
swivelchair (323).jpg,270,360,swivelchair,41,59,233,330
swivelchair (324).jpg,600,782,swivelchair,90,19,539,769
swivelchair (325).jpg,150,240,swivelchair,7,8,146,234
swivelchair (326).jpg,220,220,swivelchair,55,23,171,201
swivelchair (327).jpg,270,360,swivelchair,15,24,231,319
swivelchair (328).jpg,120,160,swivelchair,20,16,103,148
swivelchair (329).jpg,283,500,swivelchair,10,3,283,494
swivelchair (33).jpg,200,300,swivelchair,1,8,200,288
swivelchair (330).jpg,250,250,swivelchair,52,69,129,192
swivelchair (331).jpg,500,332,swivelchair,219,7,401,328
swivelchair (332).jpg,150,150,swivelchair,22,2,125,142
swivelchair (333).jpg,150,150,swivelchair,33,4,124,144
swivelchair (334).jpg,230,230,swivelchair,41,1,191,230
swivelchair (335).jpg,768,1024,swivelchair,12,13,713,1024
swivelchair (336).jpg,240,240,swivelchair,46,10,193,228
swivelchair (337).jpg,786,1215,swivelchair,193,190,628,1000
swivelchair (338).jpg,377,474,swivelchair,47,4,356,474
swivelchair (339).jpg,585,768,swivelchair,48,26,512,712
swivelchair (34).jpg,180,240,swivelchair,27,40,134,165
swivelchair (340).jpg,204,300,swivelchair,4,4,204,296
swivelchair (341).jpg,375,500,swivelchair,21,10,306,458
swivelchair (342).jpg,230,230,swivelchair,38,1,189,230
swivelchair (343).jpg,250,250,swivelchair,41,4,209,245
swivelchair (344).jpg,375,500,swivelchair,39,13,316,490
swivelchair (345).jpg,100,100,swivelchair,21,2,80,97
swivelchair (346).jpg,250,328,swivelchair,22,1,230,321
swivelchair (347).jpg,375,500,swivelchair,8,49,356,500
swivelchair (348).jpg,719,1118,swivelchair,41,19,687,1097
swivelchair (349).jpg,400,400,swivelchair,71,1,327,398
swivelchair (35).jpg,244,350,swivelchair,2,5,244,348
swivelchair (350).jpg,368,500,swivelchair,26,54,331,497
swivelchair (351).jpg,132,126,swivelchair,34,1,93,121
swivelchair (352).jpg,281,400,swivelchair,37,22,241,383
swivelchair (353).jpg,150,200,swivelchair,24,32,124,173
swivelchair (354).jpg,250,250,swivelchair,46,15,198,234
swivelchair (355).jpg,450,523,swivelchair,30,11,430,517
swivelchair (356).jpg,101,140,swivelchair,5,3,88,128
swivelchair (357).jpg,180,207,swivelchair,36,12,143,194
swivelchair (358).jpg,250,250,swivelchair,56,12,191,232
swivelchair (359).jpg,177,240,swivelchair,1,1,171,235
swivelchair (36).jpg,292,418,swivelchair,91,119,269,410
swivelchair (360).jpg,375,500,swivelchair,20,66,328,479
swivelchair (361).jpg,205,265,swivelchair,14,19,185,248
swivelchair (362).jpg,222,281,swivelchair,20,30,192,260
swivelchair (363).jpg,500,500,swivelchair,103,34,386,462
swivelchair (364).jpg,247,322,swivelchair,10,30,221,292
swivelchair (365).jpg,263,336,swivelchair,28,45,249,302
swivelchair (366).jpg,498,498,swivelchair,100,9,396,498
swivelchair (367).jpg,500,500,swivelchair,183,46,413,500
swivelchair (368).jpg,393,493,swivelchair,17,18,366,480
swivelchair (369).jpg,238,382,swivelchair,54,49,238,356
swivelchair (37).jpg,262,280,swivelchair,21,4,235,277
swivelchair (370).jpg,333,500,swivelchair,71,18,293,438
swivelchair (371).jpg,375,500,swivelchair,34,26,331,490
swivelchair (372).jpg,375,500,swivelchair,32,88,325,470
swivelchair (373).jpg,275,279,swivelchair,51,7,215,268
swivelchair (374).jpg,275,279,swivelchair,46,10,214,272
swivelchair (375).jpg,275,279,swivelchair,44,23,215,256
swivelchair (376).jpg,275,279,swivelchair,47,18,220,262
swivelchair (377).jpg,419,418,swivelchair,57,4,342,413
swivelchair (378).jpg,500,500,swivelchair,104,26,396,482
swivelchair (379).jpg,275,279,swivelchair,52,14,215,263
swivelchair (38).jpg,270,360,swivelchair,34,53,234,330
swivelchair (381).jpg,177,269,swivelchair,20,21,157,254
swivelchair (382).jpg,500,500,swivelchair,65,13,409,466
swivelchair (383).jpg,236,341,swivelchair,27,5,226,339
swivelchair (384).jpg,500,385,swivelchair,115,19,377,359
swivelchair (385).jpg,198,296,swivelchair,17,35,181,252
swivelchair (386).jpg,272,307,swivelchair,24,34,223,286
swivelchair (387).jpg,375,500,swivelchair,66,33,321,479
swivelchair (388).jpg,375,500,swivelchair,50,28,343,479
swivelchair (389).jpg,500,500,swivelchair,113,20,389,480
swivelchair (39).jpg,544,788,swivelchair,9,1,517,781
swivelchair (390).jpg,380,372,swivelchair,16,27,317,358
swivelchair (391).jpg,287,355,swivelchair,39,33,269,298
swivelchair (392).jpg,250,327,swivelchair,2,4,250,320
swivelchair (393).jpg,500,500,swivelchair,72,31,434,474
swivelchair (394).jpg,500,335,swivelchair,105,15,369,313
swivelchair (395).jpg,500,500,swivelchair,78,29,420,475
swivelchair (396).jpg,500,429,swivelchair,81,26,392,411
swivelchair (397).jpg,375,500,swivelchair,49,14,303,490
swivelchair (398).jpg,178,218,swivelchair,20,9,162,169
swivelchair (399).jpg,188,278,swivelchair,27,37,188,249
swivelchair (4).jpg,281,500,swivelchair,3,56,272,498
swivelchair (40).jpg,260,356,swivelchair,16,9,253,353
swivelchair (400).jpg,332,500,swivelchair,19,37,313,491
swivelchair (401).jpg,430,500,swivelchair,18,40,408,469
swivelchair (402).jpg,292,445,swivelchair,3,11,210,384
swivelchair (403).jpg,289,493,swivelchair,55,25,274,477
swivelchair (41).jpg,482,600,swivelchair,30,24,451,550
swivelchair (42).jpg,360,360,swivelchair,71,14,286,350
swivelchair (43).jpg,180,246,swivelchair,7,9,173,238
swivelchair (44).jpg,400,400,swivelchair,82,20,313,377
swivelchair (45).jpg,200,200,swivelchair,29,1,166,196
swivelchair (46).jpg,170,191,swivelchair,15,6,159,185
swivelchair (47).jpg,449,729,swivelchair,20,3,426,719
swivelchair (48).jpg,138,120,swivelchair,32,1,104,117
swivelchair (49).jpg,240,240,swivelchair,59,11,193,233
swivelchair (5).jpg,137,240,swivelchair,10,7,128,231
swivelchair (50).jpg,425,500,swivelchair,103,68,303,368
swivelchair (51).jpg,238,238,swivelchair,46,11,192,230
swivelchair (52).jpg,500,375,swivelchair,116,4,347,352
swivelchair (53).jpg,100,100,swivelchair,16,5,77,96
swivelchair (54).jpg,321,508,swivelchair,10,31,295,496
swivelchair (55).jpg,281,375,swivelchair,14,12,262,361
swivelchair (56).jpg,317,380,swivelchair,16,2,299,380
swivelchair (57).jpg,240,240,swivelchair,42,6,183,235
swivelchair (58).jpg,238,238,swivelchair,57,10,180,230
swivelchair (59).jpg,150,241,swivelchair,2,3,140,239
swivelchair (6).jpg,375,500,swivelchair,42,45,325,484
swivelchair (60).jpg,108,160,swivelchair,21,2,93,159
swivelchair (61).jpg,100,100,swivelchair,22,7,79,95
swivelchair (62).jpg,150,220,swivelchair,9,25,137,207
swivelchair (63).jpg,162,234,swivelchair,2,2,157,231
swivelchair (64).jpg,470,470,swivelchair,75,26,381,437
swivelchair (65).jpg,400,400,swivelchair,87,14,307,381
swivelchair (66).jpg,360,517,swivelchair,32,13,340,472
swivelchair (67).jpg,420,308,swivelchair,110,6,325,293
swivelchair (68).jpg,318,318,swivelchair,70,20,259,296
swivelchair (69).jpg,180,240,swivelchair,39,1,176,240
swivelchair (7).jpg,349,500,swivelchair,30,16,330,487
swivelchair (70).jpg,250,250,swivelchair,50,13,198,233
swivelchair (71).jpg,105,141,swivelchair,23,12,89,124
swivelchair (72).jpg,375,500,swivelchair,27,83,298,475
swivelchair (73).jpg,600,800,swivelchair,50,105,461,800
swivelchair (74).jpg,450,450,swivelchair,92,28,354,431
swivelchair (75).jpg,400,582,swivelchair,28,17,364,577
swivelchair (76).jpg,240,240,swivelchair,42,9,192,231
swivelchair (77).jpg,420,315,swivelchair,3,8,250,266
swivelchair (78).jpg,479,600,swivelchair,36,35,414,574
swivelchair (79).jpg,368,500,swivelchair,28,23,336,477
swivelchair (8).jpg,448,336,swivelchair,72,11,307,334
swivelchair (80).jpg,500,375,swivelchair,77,125,254,375
swivelchair (81).jpg,400,250,swivelchair,88,5,284,241
swivelchair (82).jpg,240,240,swivelchair,49,12,191,230
swivelchair (83).jpg,245,245,swivelchair,40,11,210,234
swivelchair (84).jpg,280,280,swivelchair,66,17,222,272
swivelchair (85).jpg,240,240,swivelchair,49,16,193,232
swivelchair (86).jpg,293,400,swivelchair,5,57,263,393
swivelchair (87).jpg,240,240,swivelchair,40,11,190,233
swivelchair (88).jpg,250,250,swivelchair,48,14,197,240
swivelchair (89).jpg,100,100,swivelchair,23,6,78,94
swivelchair (9).jpg,262,350,swivelchair,37,23,223,337
swivelchair (90).jpg,250,341,swivelchair,11,8,235,328
swivelchair (91).jpg,128,155,swivelchair,6,1,116,148
swivelchair (92).jpg,240,240,swivelchair,50,10,182,234
swivelchair (93).jpg,450,360,swivelchair,5,10,259,322
swivelchair (94).jpg,162,162,swivelchair,22,22,138,157
swivelchair (95).jpg,280,411,swivelchair,41,30,247,390
swivelchair (96).jpg,140,208,swivelchair,2,2,137,203
swivelchair (97).jpg,375,500,swivelchair,46,45,310,500
swivelchair (98).jpg,200,200,swivelchair,34,11,151,193
swivelchair (99).jpg,321,480,swivelchair,39,17,279,459
table (1).jpg,375,224,table,12,6,372,204
table (10).jpg,400,300,table,48,72,356,241
table (100).jpg,375,221,table,2,5,368,221
table (101).jpg,75,100,table,7,19,70,79
table (102).jpg,195,120,table,5,25,192,98
table (103).jpg,135,69,table,2,3,133,64
table (104).jpg,531,329,table,21,78,520,310
table (105).jpg,100,100,table,3,34,97,64
table (106).jpg,128,94,table,3,4,128,90
table (107).jpg,130,91,table,4,23,105,85
table (108).jpg,350,221,table,7,36,344,215
table (109).jpg,500,382,table,29,51,456,372
table (11).jpg,400,400,table,2,86,400,315
table (110).jpg,250,144,table,3,7,246,137
table (111).jpg,500,507,table,7,67,449,393
table (113).jpg,551,414,table,19,19,534,392
table (114).jpg,60,60,table,3,16,58,47
table (115).jpg,250,333,table,6,73,247,297
table (116).jpg,470,295,table,9,39,454,282
table (117).jpg,82,52,table,1,10,78,51
table (118).jpg,200,126,table,1,2,196,126
table (119).jpg,100,75,table,1,11,100,67
table (12).jpg,128,46,table,1,1,128,46
table (121).jpg,383,225,table,3,1,383,222
table (122).jpg,250,130,table,7,19,242,126
table (123).jpg,81,81,table,5,25,73,59
table (125).jpg,166,166,table,6,47,162,144
table (126).jpg,501,330,table,8,12,498,323
table (127).jpg,300,164,table,4,9,297,164
table (128).jpg,283,212,table,7,63,231,201
table (129).jpg,128,69,table,1,15,128,69
table (13).jpg,400,300,table,14,74,386,262
table (130).jpg,130,76,table,2,2,128,74
table (131).jpg,500,290,table,10,3,485,284
table (132).jpg,100,75,table,1,14,100,75
table (133).jpg,350,250,table,2,13,345,248
table (134).jpg,200,116,table,1,3,200,114
table (135).jpg,100,100,table,2,21,98,78
table (136).jpg,90,60,table,3,15,84,55
table (137).jpg,339,172,table,7,13,332,163
table (138).jpg,569,569,table,2,52,557,525
table (139).jpg,640,371,table,3,2,636,371
table (14).jpg,150,91,table,4,4,145,85
table (140).jpg,150,82,table,8,11,140,69
table (141).jpg,308,235,table,16,30,287,227
table (142).jpg,437,225,table,3,1,437,224
table (143).jpg,80,50,table,2,8,77,43
table (144).jpg,500,347,table,14,24,493,332
table (145).jpg,695,425,table,39,19,671,391
table (146).jpg,160,120,table,5,25,152,104
table (147).jpg,100,100,table,2,23,100,81
table (148).jpg,350,259,table,3,44,350,242
table (149).jpg,155,155,table,1,28,155,123
table (15).jpg,130,85,table,4,9,125,83
table (150).jpg,200,200,table,4,41,199,162
table (151).jpg,660,440,table,27,124,640,420
table (152).jpg,375,198,table,2,2,375,196
table (153).jpg,128,67,table,12,23,118,54
table (154).jpg,400,322,table,11,9,390,319
table (155).jpg,100,52,table,1,1,99,52
table (156).jpg,240,240,table,10,63,232,186
table (157).jpg,500,301,table,16,31,495,279
table (158).jpg,130,98,table,7,20,129,77
table (16).jpg,273,200,table,12,16,260,146
table (160).jpg,100,67,table,3,3,98,65
table (161).jpg,317,200,table,4,27,311,172
table (162).jpg,400,275,table,3,37,389,273
table (163).jpg,202,135,table,16,40,190,110
table (164).jpg,80,34,table,2,2,80,31
table (165).jpg,250,136,table,1,11,241,131
table (166).jpg,140,105,table,7,32,133,80
table (167).jpg,120,120,table,3,44,118,79
table (168).jpg,150,100,table,9,42,147,94
table (169).jpg,127,85,table,1,17,127,81
table (17).jpg,400,300,table,1,56,400,221
table (170).jpg,128,98,table,1,3,128,94
table (171).jpg,150,106,table,3,5,145,98
table (172).jpg,300,292,table,3,13,277,287
table (173).jpg,139,185,table,7,34,126,164
table (174).jpg,202,152,table,14,17,179,134
table (175).jpg,800,458,table,17,11,779,448
table (176).jpg,200,125,table,4,7,194,120
table (177).jpg,1600,1200,table,3,258,1447,1165
table (178).jpg,450,281,table,29,25,427,257
table (179).jpg,150,81,table,1,6,150,77
table (18).jpg,150,87,table,5,3,144,82
table (180).jpg,400,285,table,5,8,400,282
table (181).jpg,162,154,table,1,41,161,116
table (182).jpg,128,83,table,11,14,117,78
table (183).jpg,200,155,table,9,46,190,149
table (184).jpg,250,160,table,19,18,225,150
table (185).jpg,250,172,table,5,32,248,163
table (186).jpg,135,91,table,11,15,127,82
table (187).jpg,300,194,table,4,9,295,188
table (188).jpg,169,127,table,3,13,169,119
table (189).jpg,354,226,table,26,23,329,194
table (19).jpg,128,100,table,1,16,127,90
table (190).jpg,206,185,table,7,12,201,176
table (191).jpg,250,235,table,10,12,245,215
table (192).jpg,96,57,table,4,4,91,53
table (193).jpg,400,221,table,11,56,393,199
table (194).jpg,1162,1068,table,10,45,1107,1055
table (195).jpg,290,152,table,10,23,277,131
table (196).jpg,250,160,table,3,19,250,134
table (197).jpg,425,275,table,18,87,406,269
table (198).jpg,120,120,table,3,29,117,93
table (199).jpg,140,93,table,6,25,137,84
table (2).jpg,500,414,table,50,127,414,363
table (20).jpg,800,567,table,4,31,800,567
table (200).jpg,160,160,table,2,33,160,129
table (201).jpg,580,580,table,7,160,580,421
table (202).jpg,335,230,table,4,64,335,210
table (203).jpg,175,131,table,1,14,175,114
table (204).jpg,196,77,table,6,12,189,68
table (205).jpg,150,93,table,4,10,149,84
table (206).jpg,150,100,table,19,1,147,85
table (207).jpg,196,232,table,27,44,147,184
table (208).jpg,120,120,table,8,37,110,84
table (209).jpg,150,123,table,3,4,144,120
table (21).jpg,450,338,table,26,51,431,296
table (210).jpg,192,144,table,4,21,192,144
table (211).jpg,250,188,table,3,39,245,175
table (212).jpg,400,213,table,5,14,386,203
table (213).jpg,300,225,table,14,51,277,198
table (214).jpg,479,354,table,27,29,452,328
table (215).jpg,600,395,table,8,54,596,389
table (216).jpg,510,293,table,17,27,492,277
table (217).jpg,487,401,table,20,15,466,383
table (218).jpg,200,135,table,11,5,191,128
table (219).jpg,130,74,table,6,16,125,70
table (22).jpg,200,154,table,2,3,199,152
table (220).jpg,668,379,table,6,12,660,359
table (221).jpg,700,372,table,13,97,692,357
table (222).jpg,300,162,table,4,11,296,156
table (223).jpg,380,235,table,3,5,377,232
table (224).jpg,127,93,table,6,3,122,92
table (225).jpg,124,93,table,1,1,122,92
table (226).jpg,320,240,table,10,44,301,206
table (227).jpg,300,239,table,1,4,290,229
table (228).jpg,400,300,table,41,22,343,288
table (229).jpg,326,168,table,10,27,313,161
table (23).jpg,356,171,table,9,11,352,168
table (230).jpg,160,113,table,8,11,148,112
table (231).jpg,115,67,table,3,4,112,65
table (232).jpg,128,64,table,3,5,128,63
table (233).jpg,100,100,table,1,23,100,77
table (234).jpg,113,151,table,1,56,113,129
table (235).jpg,165,162,table,11,11,155,152
table (236).jpg,130,78,table,4,7,127,77
table (237).jpg,685,460,table,12,108,672,445
table (238).jpg,100,65,table,3,10,97,58
table (239).jpg,94,128,table,3,4,90,122
table (24).jpg,200,122,table,12,27,189,110
table (240).jpg,110,80,table,6,12,95,79
table (241).jpg,400,410,table,8,156,392,386
table (242).jpg,338,166,table,4,14,336,162
table (243).jpg,75,59,table,1,5,71,57
table (244).jpg,180,154,table,4,49,175,148
table (245).jpg,518,277,table,13,25,508,268
table (246).jpg,500,335,table,14,11,486,316
table (247).jpg,150,113,table,3,9,150,110
table (248).jpg,400,330,table,22,58,382,322
table (249).jpg,104,138,table,5,4,104,90
table (25).jpg,675,266,table,2,4,673,266
table (250).jpg,200,130,table,1,5,197,128
table (251).jpg,100,96,table,1,4,100,92
table (252).jpg,320,239,table,10,37,308,151
table (253).jpg,300,189,table,6,6,297,183
table (254).jpg,150,87,table,6,8,144,79
table (255).jpg,150,99,table,4,11,133,96
table (256).jpg,700,368,table,15,27,675,356
table (257).jpg,855,486,table,9,33,845,477
table (258).jpg,400,263,table,4,3,397,263
table (259).jpg,155,103,table,7,36,153,98
table (26).jpg,120,68,table,1,1,120,68
table (260).jpg,128,83,table,3,24,105,78
table (261).jpg,300,233,table,20,64,271,213
table (262).jpg,551,330,table,5,19,544,293
table (263).jpg,128,83,table,4,3,124,82
table (264).jpg,224,170,table,9,29,217,164
table (265).jpg,198,148,table,7,39,187,127
table (266).jpg,145,121,table,9,9,139,117
table (267).jpg,400,300,table,5,30,400,297
table (268).jpg,500,375,table,110,38,474,375
table (269).jpg,331,331,table,16,92,318,242
table (27).jpg,110,110,table,6,24,104,84
table (270).jpg,500,337,table,4,14,497,335
table (271).jpg,650,600,table,44,71,620,534
table (272).jpg,100,100,table,1,28,100,72
table (273).jpg,160,160,table,1,35,159,160
table (274).jpg,1024,768,table,129,236,962,647
table (275).jpg,500,384,table,86,123,420,311
table (276).jpg,160,160,table,11,63,151,120
table (277).jpg,348,261,table,33,51,320,195
table (279).jpg,600,355,table,22,65,589,336
table (28).jpg,134,64,table,1,3,134,59
table (280).jpg,406,388,table,75,65,242,207
table (280).jpg,406,388,table,103,204,258,352
table (280).jpg,406,388,table,22,164,382,315
table (281).jpg,850,567,table,140,88,790,532
table (282).jpg,720,480,table,90,16,642,460
table (283).jpg,300,200,table,3,39,297,187
table (284).jpg,150,86,table,5,7,143,84
table (285).jpg,470,353,table,56,75,430,320
table (286).jpg,768,768,table,11,168,758,605
table (287).jpg,557,600,table,55,136,498,569
table (288).jpg,375,425,table,12,22,363,408
table (289).jpg,125,76,table,6,4,119,70
table (29).jpg,814,827,table,38,43,795,809
table (290).jpg,530,295,table,57,45,463,193
table (292).jpg,500,333,table,96,47,413,325
table (293).jpg,200,149,table,20,11,164,72
table (294).jpg,140,128,table,3,5,140,128
table (295).jpg,602,348,table,13,14,588,348
table (296).jpg,180,240,table,3,39,180,220
table (297).jpg,230,150,table,28,35,210,136
table (298).jpg,500,405,table,1,27,498,405
table (299).jpg,340,450,table,1,109,340,392
table (3).jpg,600,600,table,8,114,591,486
table (30).jpg,186,139,table,8,37,181,117
table (300).jpg,450,437,table,25,45,450,433
table (301).jpg,135,73,table,2,3,134,72
table (302).jpg,300,197,table,6,11,300,196
table (303).jpg,1078,823,table,233,381,972,783
table (304).jpg,500,500,table,25,127,466,377
table (305).jpg,468,324,table,8,15,464,322
table (306).jpg,525,330,table,9,10,510,324
table (307).jpg,125,107,table,1,19,125,95
table (308).jpg,504,317,table,25,49,483,283
table (309).jpg,160,106,table,7,12,152,101
table (31).jpg,1636,964,table,32,66,1608,909
table (310).jpg,225,158,table,4,7,219,150
table (311).jpg,300,138,table,6,5,296,134
table (312).jpg,252,252,table,33,14,230,239
table (313).jpg,160,160,table,4,38,157,124
table (314).jpg,800,600,table,31,164,800,491
table (315).jpg,202,135,table,20,39,186,104
table (316).jpg,125,112,table,6,27,115,95
table (317).jpg,130,86,table,3,4,125,84
table (318).jpg,640,443,table,4,4,631,434
table (319).jpg,800,600,table,38,47,800,588
table (32).jpg,400,300,table,60,105,345,279
table (320).jpg,300,169,table,10,5,292,162
table (321).jpg,282,237,table,5,57,273,228
table (322).jpg,150,100,table,12,21,142,89
table (323).jpg,480,249,table,8,42,444,230
table (324).jpg,200,200,table,50,132,143,193
table (325).jpg,170,102,table,8,14,162,90
table (326).jpg,270,297,table,15,50,254,285
table (327).jpg,300,254,table,3,5,294,238
table (328).jpg,196,135,table,13,8,191,129
table (329).jpg,800,533,table,65,197,742,484
table (33).jpg,140,140,table,3,19,136,130
table (330).jpg,500,376,table,1,89,500,300
table (331).jpg,400,259,table,33,35,383,201
table (332).jpg,400,290,table,21,35,381,247
table (333).jpg,448,298,table,11,40,448,218
table (334).jpg,250,200,table,55,48,235,188
table (335).jpg,130,120,table,2,3,130,115
table (336).jpg,160,140,table,27,4,156,137
table (337).jpg,160,120,table,1,23,155,119
table (338).jpg,199,135,table,1,1,199,135
table (339).jpg,600,388,table,5,74,593,367
table (34).jpg,400,210,table,1,3,395,208
table (340).jpg,160,79,table,3,7,159,74
table (341).jpg,270,258,table,20,49,256,235
table (342).jpg,450,300,table,6,54,376,300
table (343).jpg,135,115,table,1,42,134,102
table (344).jpg,450,358,table,24,114,422,319
table (345).jpg,600,399,table,27,86,571,382
table (346).jpg,203,180,table,22,26,200,172
table (347).jpg,627,336,table,6,99,606,308
table (348).jpg,264,192,table,14,39,252,168
table (349).jpg,500,333,table,141,42,404,302
table (35).jpg,230,128,table,1,4,227,127
table (350).jpg,530,295,table,26,45,500,236
table (351).jpg,160,106,table,5,16,160,91
table (352).jpg,160,106,table,12,12,156,92
table (353).jpg,180,180,table,1,50,180,127
table (354).jpg,300,182,table,7,8,300,173
table (355).jpg,218,163,table,4,7,196,142
table (356).jpg,200,162,table,4,24,200,147
table (357).jpg,125,107,table,3,31,125,100
table (358).jpg,500,375,table,2,51,494,340
table (359).jpg,290,189,table,7,15,280,174
table (36).jpg,550,487,table,12,38,542,458
table (360).jpg,311,200,table,13,15,288,157
table (361).jpg,400,400,table,13,127,379,303
table (362).jpg,639,366,table,14,47,619,312
table (363).jpg,200,131,table,18,21,189,120
table (364).jpg,125,55,table,3,1,122,54
table (365).jpg,592,414,table,45,41,553,385
table (366).jpg,600,438,table,3,16,600,423
table (367).jpg,640,480,table,16,63,619,448
table (368).jpg,323,542,table,22,146,306,532
table (369).jpg,500,333,table,55,36,386,313
table (37).jpg,300,200,table,23,47,282,179
table (370).jpg,140,100,table,15,34,132,93
table (371).jpg,808,641,table,15,5,780,616
table (372).jpg,500,375,table,147,117,344,324
table (373).jpg,125,66,table,1,6,125,66
table (374).jpg,225,191,table,43,76,211,173
table (375).jpg,180,180,table,1,49,180,131
table (376).jpg,580,580,table,18,113,568,476
table (377).jpg,500,375,table,7,80,494,305
table (378).jpg,400,294,table,13,51,387,284
table (379).jpg,135,115,table,2,26,132,107
table (380).jpg,360,256,table,7,84,351,230
table (381).jpg,934,623,table,41,255,901,504
table (382).jpg,170,113,table,21,43,153,89
table (383).jpg,904,614,table,15,42,873,576
table (384).jpg,600,372,table,5,42,589,356
table (385).jpg,769,430,table,2,7,769,430
table (386).jpg,270,117,table,7,11,266,113
table (387).jpg,500,351,table,5,140,495,307
table (388).jpg,500,375,table,111,113,318,322
table (389).jpg,400,255,table,15,5,391,248
table (39).jpg,400,292,table,2,5,397,290
table (390).jpg,160,170,table,9,59,149,145
table (391).jpg,317,200,table,7,27,310,174
table (392).jpg,2048,1536,table,21,410,1967,1412
table (393).jpg,266,175,table,9,15,264,171
table (394).jpg,640,400,table,13,19,633,389
table (395).jpg,128,91,table,1,10,123,91
table (396).jpg,636,477,table,26,107,610,449
table (397).jpg,150,109,table,10,11,142,100
table (398).jpg,500,319,table,12,24,485,308
table (399).jpg,527,330,table,5,4,527,330
table (4).jpg,615,462,table,20,152,580,412
table (40).jpg,239,159,table,4,24,236,152
table (400).jpg,650,392,table,4,1,650,384
table (401).jpg,300,191,table,10,18,269,179
table (402).jpg,350,321,table,34,57,312,293
table (403).jpg,598,445,table,96,167,482,364
table (404).jpg,1287,856,table,8,10,1287,856
table (405).jpg,144,90,table,1,1,144,90
table (406).jpg,800,627,table,66,83,772,599
table (407).jpg,400,271,table,12,31,390,242
table (41).jpg,200,146,table,16,15,188,137
table (42).jpg,354,308,table,19,118,323,283
table (43).jpg,2160,1440,table,218,560,2144,1440
table (44).jpg,405,294,table,17,7,394,280
table (45).jpg,140,105,table,11,12,127,64
table (46).jpg,336,448,table,63,141,288,322
table (47).jpg,1000,581,table,3,9,1000,578
table (48).jpg,100,100,table,4,9,98,88
table (49).jpg,200,108,table,1,11,198,104
table (5).jpg,500,381,table,50,54,465,340
table (50).jpg,106,79,table,1,3,105,78
table (51).jpg,400,338,table,15,25,369,324
table (52).jpg,110,110,table,5,16,104,93
table (53).jpg,200,171,table,10,11,192,162
table (54).jpg,580,800,table,43,34,559,774
table (55).jpg,383,500,table,26,229,323,413
table (56).jpg,291,150,table,3,8,287,149
table (57).jpg,200,120,table,1,6,198,114
table (58).jpg,648,486,table,48,121,518,436
table (59).jpg,300,200,table,8,26,298,179
table (6).jpg,250,145,table,6,1,244,145
table (60).jpg,180,143,table,1,2,180,134
table (61).jpg,200,108,table,1,12,197,99
table (62).jpg,400,335,table,16,94,389,312
table (63).jpg,303,203,table,1,2,303,203
table (64).jpg,302,199,table,8,29,295,182
table (65).jpg,800,413,table,10,29,788,393
table (66).jpg,275,121,table,2,2,272,121
table (67).jpg,150,89,table,9,7,142,83
table (68).jpg,272,158,table,4,11,267,150
table (69).jpg,124,93,table,1,23,124,90
table (7).jpg,400,241,table,13,48,387,230
table (70).jpg,384,288,table,26,65,301,272
table (71).jpg,568,330,table,122,62,546,280
table (72).jpg,1925,1017,table,136,162,1839,974
table (73).jpg,250,174,table,18,50,245,162
table (74).jpg,76,82,table,15,17,74,75
table (75).jpg,200,200,table,1,20,200,185
table (76).jpg,500,383,table,34,23,495,362
table (77).jpg,130,65,table,4,3,128,65
table (78).jpg,500,261,table,3,2,500,261
table (79).jpg,648,432,table,82,24,527,377
table (8).jpg,470,330,table,5,2,465,319
table (80).jpg,500,375,table,130,122,351,313
table (81).jpg,250,160,table,17,17,232,135
table (82).jpg,2274,1390,table,415,377,1857,1050
table (83).jpg,196,154,table,14,22,184,145
table (84).jpg,640,480,table,3,122,631,379
table (85).jpg,160,160,table,1,30,159,131
table (86).jpg,128,128,table,4,36,125,91
table (87).jpg,100,75,table,4,13,96,69
table (88).jpg,720,418,table,2,10,720,412
table (89).jpg,300,122,table,8,3,296,117
table (9).jpg,245,140,table,7,26,237,134
table (90).jpg,225,150,table,44,28,196,133
table (91).jpg,150,100,table,8,16,144,93
table (92).jpg,128,76,table,5,15,121,72
table (93).jpg,135,89,table,23,7,111,88
table (94).jpg,150,164,table,1,17,135,161
table (95).jpg,100,100,table,3,27,97,76
table (96).jpg,175,109,table,2,8,170,98
table (97).jpg,150,57,table,1,1,150,57
table (98).jpg,526,330,table,2,2,526,327
table (99).jpg,307,154,table,4,2,307,69
